ID,add2,add,number,x,y,所属,,
1,钱塘,X塘,29,120.19,30.26,浙江, ,排名
2,婺源,婺源,25,117.84459,29.24473,江西,,
3,庐陵,]陵,24,114.97128,27.10324,江西,,
4,鄱阳,鄱,21,116.66383,28.99417,江西,,
5,浦江,浦江,17,119.88368,29.45871,浙江,,
6,休宁,休,17,118.17577,29.78119,安徽,,
7,东平,|平,14,116.480642,35.941821,山|,,
8,临川,R川,14,116.35134,27.98478,江西,,
9,平阳,平,14,120.55644,27.67572,浙江,,
10,歙县,歙h,14,118.43394,29.86577,安徽,,
11,河内,河内,13,112.92,35.08,河南,,
12,天台,天台,13,121.02656,29.13826,浙江,,
13,鄞县,鄞h,13,121.54266,29.86632,浙江,,
14,永嘉,永嘉,13,120.65322,28.01829,浙江,,
15,真定,真定,13,114.56364,38.14011,河北,,
16,吴县,强h,13,120.61862,31.31271,江K,,
17,奉化,奉化,12,121.40691,29.65166,浙江,,
18,济南,南,12,117,36.65,山|,,
19,豫章,豫章,12,115.89772,28.6749,江西,,
20,黄岩,黄r,11,121.27,28.64,浙江,,
21,嘉兴,嘉d,11,120.7532,30.76747,浙江,,
22,吴兴,桥d,11,120.1,30.86,浙江,,
23,诸暨,T暨,11,120.22766,29.71314,浙江,,
24,吉水,吉水,10,115.13225,27.21437,江西,,
25,金华,金A,10,119.64992,29.10471,浙江,,
26,眉山,眉山,10,103.83146,30.0505,四川,,
27,莆田,莆田,10,119.0111,25.43395,福建,,
28,汴梁,汴梁,9,114.35,34.79,河南,,
29,大名,大名,9,115.13826,36.24564,河北,,
30,定襄,定襄,9,112.94377,38.49269,山西,,
31,江阴,江,9,120.26609,31.90877,江K,,
32,临海,R海,9,121.1206,28.84313,浙江,,
33,洛阳,洛,9,112.38263,34.66528,河南,,
34,三山,三山,9,119.38144,25.72792,福建,,
35,永丰,永S,9,115.43272,27.32211,江西,,
36,淳安,淳安,8,118.96516,29.61229,浙江,,
37,高平,高平,8,112.91959,35.79206,山西,,
38,潞州,潞州,8,113.10349,36.18354,山西,,
39,南昌,南昌,8,115.89772,28.6749,江西,,
40,太原,太原,8,112.56483,37.87375,山西,,
41,新城,新城,8,115.98756,39.24595,山|,,
42,新喻,新喻,8,114.93114,27.80408,江西,,
43,义乌,x,8,120.07162,29.30009,浙江,,
44,茶陵,茶陵,7,113.55217,26.80198,湖南,,
45,长沙,L沙,7,112.97813,28.1982,湖南,,
46,大都,大都,7,116.46,39.92,北京,,
47,壶关,仃P,7,113.19962,36.1135,山西,,
48,建安,建安,7,118.32378,27.03886,|,,
49,金溪,金溪,7,116.77,27.92,江西,,
50,昆山,山,7,120.94823,31.38611,江K,,
51,龙泉,泉,7,119.12091,28.08256,浙江,,
52,山阴,山,7,120.57826,30.00452,浙江,,
53,襄陵,襄陵,7,111.39649,36.02399,山西,,
54,乐平,菲,7,113.6968,37.60836,山西,,
55,宁海,海,7,121.42555,29.28362,浙江,,
56,安仁,安仁,6,116.90326,28.40443,江西,,
57,崇仁,崇仁,6,116.06158,27.75564,江西,,
58,慈溪,慈G,6,121.4442,29.9792,浙江,,
59,丹徒,丹徒,6,119.44429,32.20649,江K,,
60,东莞,|莞,6,113.74982,23.04662,V|,,
61,高昌,高昌,6,89.5878,42.7987,新疆,,
62,贵溪,F溪,6,117.20227,28.2879,江西,,
63,丽水,水,6,119.91301,28.44873,浙江,,
64,曲阜,曲阜,6,116.98606,35.59755,山|,,
65,永新,永新,6,114.23687,26.94556,江西,,
66,安福,安福,5,114.60845,27.38246,江西,,
67,保定,保定,5,116.36626,39.00622,河北,,
68,长洲,L洲,5,120.61862,31.31271,江K,,
69,常熟,常熟,5,120.73379,31.64658,江K,,
70,崇德,崇德,5,120.41874,30.53045,浙江,,
71,东阳,|,5,120.22798,29.26057,浙江,,
72,丰城,S城,5,115.78578,28.19775,江西,,
73,河东,河|,5,110.33231,34.83513,山西,,
74,河南,河南,5,112.38263,34.66528,河南,,
75,衡山,衡山,5,112.85242,27.24565,湖南,,
76,湖州,湖州,5,120.09931,30.86496,浙江,,
77,稷山,稷山,5,110.97883,35.60216,山西,,
78,绩溪,溪,5,118.58411,30.07777,安徽,,
79,历城,v城,5,117.00149,36.65013,山|,,
80,平江,平江,5,113.57494,28.70981,湖南,,
81,清江,清江,5,115.39899,28.01557,江西,,
82,上党,上h,5,113.10348,36.18354,山西,,
83,上虞,上虞,5,120.97359,29.95265,浙江,,
84,乌程,醭,5,120.09931,30.86496,浙江,,
85,吴江,墙,5,120.63779,31.16706,江K,,
86,新安,新安,5,115.92821,38.92518,安徽,,
87,余姚,N姚,5,121.15276,30.04907,浙江,,
88,安阳,安,4,114.3455,36.09834,河南,,
89,长子,L子,4,112.87379,36.11993,山西,,
90,浮梁,浮梁,4,117.23636,29.38274,江西,,
91,河中,河中,4,110.3323059,34.83512878,山西,,
92,汲县,汲h,4,114.07027,35.41038,河南,,
93,金溪,金G,4,116.77626,27.91008,江西,,
94,晋宁,x,4,111.5,36.08,山西,,
95,陵川,陵川,4,113.27701,35.77813,山西,,
96,南丰,南S,4,116.52993,27.21431,江西,,
97,宁德,德,4,119.51727,26.66122,福建,,
98,祁门,祁T,4,117.70698,29.85415,安徽,,
99,庆元,c元,4,121.54266,29.86632,浙江,,
100,衢州,衢州,4,118.86765,28.95682,浙江,,
101,汝南,汝南,4,114.21797,32.99333,河南,,
102,上饶,上,4,117.96489,28.45069,江西,,
103,绍兴,Bd,4,120.58,30.01,浙江,,
104,四明,四明,4,121.54266,29.86632,浙江,,
105,松江,松江,4,121.48,31.22,上海,,
106,遂宁,遂,4,105.81228,30.19446,四川,,
107,太和,太和,4,115.60896,33.16544,安徽,,
108,泰和,泰和,4,114.89487,26.7921,江西,,
109,桐城,桐城,4,116.93861,31.05228,安徽,,
110,望江,望江,4,116.67433,30.12354,安徽,,
111,吴郡,强,4,120.61862,31.31271,江K,,
112,咸宁,咸,4,114.27162,29.89248,湖北,,
113,邢台,邢_,4,114.49426,37.06636,河北,,
114,宣城,宣城,4,118.7425,30.94694,安徽,,
115,益都,益都,4,118.4781,36.69748,山|,,
116,余干,N干,4,116.682,28.69155,江西,,
117,赵州,w州,4,114.77218,37.75293,河北,,
118,镇江,江,4,119.44,32.2,江K,,
119,渤海,渤海,3,118.1031,37.4769,山|,,
120,长安,L安,3,108.90698,34.24642,西,,
121,处州,州,3,119.91301,28.44873,浙江,,
122,大梁,大梁,3,114.35,34.79,河南,,
123,丹阳,丹,3,119.56986,31.9958,江K,,
124,当涂,T,3,118.48344,31.55568,安徽,,
125,德兴,德d,3,117.58012,28.95341,江西,,
126,定兴,定d,3,115.77419,39.26959,河北,,
127,东原,|原,3,116.3,35.91,山|,,
128,汾阳,汾,3,111.77903,37.2634,山西,,
129,奉元,奉元,3,108.95,34.27,西,,
130,福宁,福,3,119.9904,26.88346,福建,,
131,高陵,高陵,3,109.08048,34.53332,西,,
132,高阳,高,3,115.7742,38.68891,河北,,
133,高邮,高],3,119.43733,32.79071,江K,,
134,藁城,藁城,3,114.84,38.03,河北,,
135,姑苏,姑K,3,120.62,31.32,江K,,
136,河间,河g,3,116.08553,38.4357,河北,,
137,洪洞,洪洞,3,111.68292,36.2594,山西,,
138,华亭,A亭,3,121.22764,31.00948,上海,,
139,济阳,,3,117.21024,36.97194,山|,,
140,济阴,,3,115.28286,34.99095,山|,,
141,建昌,建昌,3,115.76182,29.08783,江西,,
142,建阳,建,3,118.10537,27.33988,福建,,
143,金陵,金陵,3,118.78,32.04,江K,,
144,金坛,金,3,119.57062,31.74698,江K,,
145,句容,句容,3,119.16274,31.94654,江K,,
146,开化,_化,3,118.40488,29.14485,浙江,,
147,昆明,昆明,3,102.71035,25.04591,南,,
148,临江,R江,3,132.51399,47.65361,江西,,
149,浏阳,g,3,113.62144,28.14957,湖南,,
150,庐山,]山,3,115.990006,29.559712,江西,,
151,南城,南城,3,116.62745,27.55972,江西,,
152,南阳,南,3,112.53547,33.00168,河南,,
153,平定,平定,3,113.62227,37.80204,山西,,
154,饶州,州,3,116.66383,28.99417,江西,,
155,瑞安,瑞安,3,120.63069,27.79051,浙江,,
156,沙河,沙河,3,114.35181,36.88463,河北,,
157,上海,上海,3,121.48676,31.22443,上海,,
158,上元,上元,3,118.76899,32.05256,江K,,
159,邵武,邵武,3,117.4834,27.33769,福建,,
160,嵊县,嵊h,3,120.81528,29.58749,浙江,,
161,寿阳,坳,3,113.16871,37.88678,山西,,
162,睢阳,睢,3,115.64607,34.44766,河南,,
163,汤阴,,3,114.35,35.92,河南,,
164,堂邑,堂邑,3,115.77485,36.48784,山|,,
165,潍县,潍h,3,119.1,36.62,山|,,
166,潍州,潍州,3,119.1,36.62,山|,,
167,西河,西河,3,111.77903,37.2634,山西,,
168,仙居,仙居,3,120.73346,28.85221,浙江,,
169,象山,象山,3,121.86618,29.47443,浙江,,
170,新昌,新昌,3,120.90211,29.49465,江西,,
171,信都,信都,3,115.56381,37.56598,河北,,
172,兴宁,d,3,113.40067,25.96988,湖南,,
173,燕京,燕京,3,116.46,39.92,北京,,
174,宜黄,宜黄,3,116.2,27.55,江西,,
175,易州,易州,3,115.49348,39.34904,河北,,
176,永康,永康,3,120.02525,28.89727,浙江,,
177,永清,永清,3,116.49061,39.32571,河北,,
178,榆社,榆社,3,112.96366,37.07094,山西,,
179,乐安,钒,3,118.40031,37.0498,江西,,
180,云中,中,3,113.29639,40.09284,山西,,
181,郓城,i城,3,115.93501,35.60506,山|,,
182,泽州,芍,3,112.83916,35.50432,山西,,
183,章丘,章丘,3,117.4854,36.8169,山|,,
184,章邱,章邱,3,117.46158,36.75417,山|,,
185,镇阳,,3,113.37,38.01,河南,,
186,邹平,u平,3,117.72535,36.8847,山|,,
187,安成,安成,2,114.62,27.39,江西,,
188,安平,安平,2,115.51058,38.23053,河北,,
189,巴川,巴川,2,106.21226,29.86247,四川,,
190,曹州,曹州,2,115.44413,35.25025,山|,,
191,昌乐,昌,2,118.83671,36.70358,山|,,
192,长平,L平,2,112.88,35.48,山西,,
193,长清,L清,2,116.72206,36.55182,山|,,
194,长山,L山,2,117.86491,36.88238,山|,,
195,长寿,L,2,112.58926,31.16983,内蒙古,,
196,长溪,L溪,2,119.9904,26.88346,福建,,
197,长兴,Ld,2,119.90138,31.01389,浙江,,
198,常山,常山,2,118.50266,28.90373,浙江,,
199,慈利,慈利,2,111.12171,29.42634,湖南,,
200,大同,大同,2,113.29639,40.09284,山西,,
201,登封,登封,2,113.02462,34.45582,河南,,
202,东莱,|R,2,119.93,37.18,山|,,
203,东明,|明,2,115.08884,35.29849,山|,,
204,都昌,都昌,2,116.18919,29.27256,江西,,
205,番禺,番禺,2,113.25607,23.13462,V|,,
206,奉先,奉先,2,109.58512,34.95594,西,,
207,滏阳,滏,2,114.37424,36.35904,河北,,
208,富春,富春,2,119.95,30.07,浙江,,
209,富州,富州,2,105.8504,23.64806,江西,,
210,高安,高安,2,115.37228,28.4256,江西,,
211,高唐,高唐,2,116.231,36.86162,山|,,
212,光化,光化,2,111.62382,32.46271,湖北,,
213,归安,w安,2,120.09931,30.86496,浙江,,
214,崞县,崞h,2,112.75152,38.88332,山西,,
215,海昌,海昌,2,120.69,30.53,浙江,,
216,海陵,海陵,2,119.91124,32.49587,江K,,
217,海虞,海虞,2,120.74,31.64,江K,,
218,许州,S州,2,113.81975,34.03139,河南,,
219,会稽,稽,2,120.57826,30.00452,浙江,,
220,浑源,源,2,113.6849,39.69634,山西,,
221,吉安,吉安,2,114.97,27.12,江西,,
222,集庆,集c,2,118.78,32.04,江K,,
223,济宁,,2,116.59,35.38,山|,,
224,济源,源,2,112.58267,35.09244,河南,,
225,济州,州,2,116.598,36.39659,山|,,
226,嘉祥,嘉祥,2,116.34298,35.40069,山|,,
228,江夏,江夏,2,114.30666,30.57367,湖北,,
229,介休,介休,2,111.91216,37.02647,山西,,
230,金泉,金泉,2,104.009257,30.721921,四川,,
231,晋城,x城,2,112.83916,35.50432,山西,,
232,晋陵,x陵,2,119.9523,31.78278,江K,,
233,进贤,Mt,2,116.25907,28.36448,江西,,
234,缙云,N,2,120.05844,28.64839,浙江,,
235,荆门,荆T,2,112.19,31.02,湖北,,
236,巨野,野,2,116.08871,35.39621,山|,,
237,鄄城,鄄城,2,115.5,35.57,山|,,
238,浚仪,浚x,2,114.34333,34.78548,河南,,
239,兰溪,m溪,2,119.47885,29.20445,浙江,,
240,醴陵,醴陵,2,113.4941,27.66852,湖南,,
241,临汾,R汾,2,111.51543,36.07804,山西,,
242,临邛,R邛,2,103.45682,30.41659,四川,,
243,临沂,R沂,2,118.34095,35.07156,山|,,
244,临邑,R邑,2,116.85932,37.19032,山|,,
245,隆安,隆安,2,107.68495,23.17817,V西,,
246,陇西,]西,2,104.6356,35.00714,甘C,,
247,潞城,潞城,2,113.22115,36.33509,山西,,
248,滦州,粗,2,118.75231,39.73965,河北,,
249,眉州,眉州,2,103.83146,30.0505,四川,,
250,蒙城,蒙城,2,116.55575,33.26864,安徽,,
251,闽县,}h,2,119.32158,26.07395,福建,,
252,宁国,,2,118.97754,30.61997,安徽,,
253,宁晋,x,2,114.9154,37.62109,河北,,
254,宁陵,陵,2,115.31537,34.44598,河南,,
255,宁乡,l,2,111.18812,37.3396,山西,,
256,沛县,沛h,2,116.92695,34.738,江K,,
257,邳州,邳州,2,117.87732,34.11921,江K,,
258,平阴,平,2,116.44867,36.28693,山|,,
259,蒲阴,蒲,2,115.31509,38.41234,河北,,
260,濮阳,濮,2,115.07806,35.65017,河南,,
261,栖霞,霞,2,120.82707,37.30238,山|,,
262,祁州,祁州,2,115.31509,38.41234,河北,,
263,齐河,R河,2,116.77944,36.70007,山|,,
264,青田,青田,2,120.28816,28.14388,浙江,,
265,清丰,清S,2,115.11004,35.90877,河南,,
266,清源,清源,2,112.509,37.55718,山西,,
267,清苑,清苑,2,115.50209,38.8557,河北,,
268,曲沃,曲沃,2,111.47002,35.64129,山西,,
269,汝州,汝州,2,112.83702,34.16176,河南,,
270,瑞州,瑞州,2,115.37228,28.4256,江西,,
272,上高,上高,2,114.92675,28.24137,江西,,
273,深溪,深溪,2,115.990006,29.559712,江西,,
274,顺德,德,2,113.25392,22.84786,V|,,
275,顺圣,},2,114.5913,40.2264,河北,,
276,松阳,松,2,119.48534,28.45075,浙江,,
277,遂安,遂安,2,118.7384,29.48077,浙江,,
278,太仓,太},2,121.1,31.45,江K,,
279,太谷,太谷,2,112.55276,37.42551,山西,,
280,泰安,泰安,2,117.12719,36.189,山|,,
281,泰宁,泰,2,117.15911,26.89848,福建,,
282,唐县,唐h,2,114.96915,38.74149,河北,,
283,铁山,F山,2,131.192402,45.754294,湖北,,
285,潼川,潼川,2,105.06,31.1,四川,,
286,闻喜,喜,2,111.21721,35.35772,山西,,
287,吴门,情T,2,120.62,31.32,江K,,
288,无锡,oa,2,120.29767,31.57461,江K,,
289,武昌,武昌,2,114.87991,30.40272,湖北,,
290,武陵,武陵,2,111.6913,29.03481,湖南,,
291,武宁,武,2,115.09958,29.27749,江西,,
292,武乡,武l,2,112.91627,36.82682,山西,,
293,婺州,婺州,2,119.64992,29.10471,浙江,,
294,合阳,A,2,110.15102,35.24258,西,,
295,襄城,襄城,2,113.47237,33.85369,河南,,
296,忻州,忻州,2,112.7312,38.39856,山西,,
297,盱江,盱江,2,116.325691,26.846371,江西,,
298,盐官,}官,2,120.5375,30.40628,浙江,,
300,燕山,燕山,2,116.46,39.92,北京,,
301,阳谷,Y,2,115.77429,36.11476,山|,,
302,耀州,耀州,2,108.97147,34.91327,西,,
303,宜兴,宜d,2,119.81438,31.36364,江K,,
304,弋阳,弋,2,117.42131,28.40188,江西,,
305,易县,易h,2,115.49348,39.34904,河北,,
306,永年,永年,2,114.72307,36.70103,河北,,
307,鱼台,~_,2,116.46536,34.9368,山|,,
308,余杭,N杭,2,119.9406,30.27177,浙江,,
309,玉山,玉山,2,118.24018,28.6796,江西,,
310,元城,元城,2,115.14652,36.27553,河北,,
311,郑县,h,2,109.75989,34.51963,西,,
312,淄川,淄川,2,117.96096,36.63599,山|,,
313,邹县,uh,2,116.96727,35.40276,山|,,
314,d李,d李,2,120.76,30.77,浙江,,
315,安城,安城,1,116.69,39.52,河北,,
316,安丰,安S,1,116.67452,32.33413,安徽,,
317,安睦,安睦,1,113.69,31.25,湖北,,
318,安肃,安C,1,115.65739,39.01944,河北,,
319,安喜,安喜,1,114.97504,38.52006,河北,,
320,安新,安新,1,115.92,38.92,河北,,
321,巴陵,巴陵,1,113.09766,29.37126,湖南,,
322,白马,白R,1,107.9,36,河南,,
323,白水,白水,1,109.58706,35.18162,西,,
325,般阳,般,1,117.987066,36.639564,山|,,
326,保宁,保,1,103.3161,31.511,四川,,
327,宝坻,坻,1,117.30242,39.7259,天津,,
328,北海,北海,1,119.1065,36.7027,山|,,
329,北京,北京,1,116.46,39.92,北京,,
330,北庭,北庭,1,89.14,44,新疆,,
331,北燕,北燕,1,117.987066,36.639564,河北,,
332,滨州,I州,1,117.96531,37.47833,山|,,
333,并州,并州,1,112.53,37.87,山西,,
334,亳州,亳州,1,115.7709,33.87929,安徽,,
335,采石,采石,1,118.49,31.55,安徽,,
336,苍溪,n溪,1,105.93304,31.7431,四川,,
337,曹庄,曹f,1,116.34,35.41,山|,,
338,昌江,昌江,1,113.70069,28.62296,江西,,
339,昌元,昌元,1,105.70798,29.43878,四川,,
340,长白,L白,1,128.17,41.43,山|,,
341,长汀,L汀,1,116.34954,25.83338,福建,,
342,长乐,L,1,119.51884,25.95984,福建,,
343,常宁,常,1,112.38709,26.40726,湖南,,
345,巢县,巢h,1,117.86484,31.60174,安徽,,
346,朝城,朝城,1,115.5786,36.05568,山|,,
347,陈留,留,1,114.52453,34.6732,河南,,
348,成安,成安,1,114.69406,36.44135,河北,,
349,成都,成都,1,104.078,30.65038,四川,,
350,成州,成州,1,114.22922,39.43774,甘C,,
351,城阳,城,1,118.843345,35.585107,山|,,
352,池阳,池,1,117.496969,30.670732,安徽,,
353,春谷,春谷,1,118.21,31.07,安徽,,
354,淳安,淳安,1,118.96516,29.61229,浙江,,
355,慈溪,慈溪,1,121.4442,29.9792,浙江,,
356,磁州,磁州,1,114.37425,36.35904,河北,,
357,代州,代州,1,112.94904,39.06039,山西,,
358,岱宗,岱宗,1,117.16677,36.204026,山|,,
359,单县,慰h,1,116.07925,34.7979,山|,,
360,当涂,涂,1,118.49,31.55,安徽,,
361,当阳,,1,111.78712,30.83151,湖北,,
362,砀山,X山,1,116.34025,34.42788,江K,,
363,导江,Ы,1,103.71374,31.00265,四川,,
364,德安,德安,1,115.74503,29.33056,湖北,,
365,登州,登州,1,112.08096,32.68483,山|,,
366,邓州,州,1,112.08096,32.68483,河南,,
367,滇城,滇城,1,102.73,25.04,南,,
368,定海,定海,1,121.71172,29.9537,浙江,,
369,定远,定h,1,117.67569,32.53025,安徽,,
370,东阿,|阿,1,116.25102,36.21138,山|,,
371,东安,|安,1,111.22209,26.332,河北,,
374,东营,|I,1,122.18,40.65,|,,
375,都梁,都梁,1,110.61,26.73,湖南,,
376,恩县,恩h,1,116.27579,37.15112,山|,,
377,恩州,恩州,1,111.95895,21.84542,山|,,
379,范阳,范,1,115.96815,39.48722,河北,,
380,房山,房山,1,115.98472,39.71048,北京,,
381,肥乡,肥l,1,114.8031,36.55203,河北,,
382,分宁,分,1,114.55963,29.03871,江西,,
383,汾西,汾西,1,111.56273,36.65054,山西,,
384,丰州,S州,1,107.9624,40.93678,内蒙古,,
385,冯翊,T翊,1,109.9481,34.7968,西,,
386,奉天,奉天,1,108.2356,34.5303,西,,
387,凤阳,P,1,117.53775,32.86535,安徽,,
388,扶风,扶L,1,107.86849,34.36182,西,,
389,浮山,浮山,1,111.84244,35.96744,山西,,
390,符离,符x,1,116.9714,33.64237,安徽,,
391,福安,福安,1,119.64677,27.08866,福建,,
392,福山,福山,1,121.26053,37.49328,山|,,
393,富平,富平,1,109.16157,34.75443,西,,
395,盖州,w州,1,122.3695,40.3967,|,,
396,甘泉,甘泉,1,109.34457,36.27863,江K,,
397,赣州,M州,1,114.93248,25.847,江西,,
398,公安,公安,1,112.22649,30.05753,湖北,,
399,缑云,缑,1,112.77,34.73,河南,,
400,古并,古并,1,112.53,37.87,山西,,
401,古筠,古筠,1,115.38,28.42,江西,,
403,古田,古田,1,118.7849,26.60171,福建,,
404,关中,P中,1,108.71418,34.337882,西,,
405,观城,^城,1,115.37628,35.94408,山|,,
406,管城,管城,1,113.64131,34.75808,河南,,
407,冠州,冠州,1,115.43623,36.47313,山|,,
408,光山,光山,1,114.89877,32.0097,河南,,
409,广德,V德,1,119.42019,30.89469,安徽,,
410,广汉,Vh,1,104.25,30.99,四川,,
411,广陵,V陵,1,114.27605,39.76355,江K,,
412,广平,V平,1,114.93684,36.48052,河北,,
413,虢县,虢h,1,104.91336,33.39463,西,,
414,海宁,海,1,120.5375,30.40628,浙江,,
415,邯郸,邯郸,1,114.47,36.6,河北,,
416,韩城,n城,1,110.43764,35.46594,西,,
417,行唐,行唐,1,114.54361,38.43607,河北,,
418,濠州,濠州,1,117.64022,32.90163,安徽,,
419,合肥,合肥,1,117.27646,31.86446,安徽,,
420,衡阳,衡,1,112.59704,26.90162,湖南,,
421,衡州,衡州,1,112.59704,26.90162,湖南,,
422,弘州,弘州,1,114.1847,40.142,河北,,
423,侯官,侯官,1,119.32158,26.07395,福建,,
424,许昌,S昌,1,114.0163,34.16586,河南,,
425,C泽,C,1,112.418,35.49059,山西,,
426,华阳,A,1,104.078,30.65038,四川,,
427,华阴,A,1,110.08936,34.56831,西,,
428,华原,A原,1,108.9805,34.9129,西,,
429,淮安,淮安,1,119.14111,33.50279,江K,,
430,淮南,淮南,1,116.98,32.62,安徽,,
431,淮阴,淮,1,118.93359,33.53131,江K,,
432,怀宁,,1,117.03468,30.5123,安徽,,
434,桓台,桓_,1,118.05,36.78,山|,,
435,黄梅,黄梅,1,115.93,30.09,湖北,,
436,黄i,Si,1,121.27,28.64,浙江,,
438,辉州,x州,1,113.79414,35.45868,河南,,
439,徽州,徽州,1,106.08667,33.77755,安徽,,
440,惠安,惠安,1,118.80282,25.02208,福建,,
441,惠州,惠州,1,114.41498,23.08979,河北,,
442,会川,川,1,102.2201,26.6606,河北,,
443,会同,同,1,109.71355,26.86149,湖南,,
444,霍林,霍林,1,118.069534,43.606031,让晒,,
445,霍邑,霍邑,1,111.72808,36.56382,山西,,
446,获嘉,@嘉,1,113.66022,35.26813,河南,,
447,获鹿,@鹿,1,114.30772,38.08311,河北,,
448,吉州,吉州,1,110.67517,36.09563,江西,,
449,即墨,即墨,1,120.45041,36.38211,山|,,
450,蓟州,E州,1,117.40182,40.04386,河北,,
451,绩溪,G,1,118.57,30.07,安徽,,
452,嘉定,嘉定,1,121.24902,31.38584,上海,,
453,嘉禾,嘉禾,1,120.7532,30.76747,浙江,,
454,郏县,郏h,1,113.19,33.98,河南,,
455,建德,建德,1,117.03459,30.12419,安徽,,
456,建康,建康,1,118.78,32.04,江K,,
457,剑南,δ,1,104.194851,30.832395,四川,,
458,江都,江都,1,119.43719,32.39127,江K,,
459,江陵,江陵,1,112.19077,30.35044,湖北,,
461,将乐,,1,117.45502,26.72082,福建,,
462,绛州,{州,1,111.21615,35.61641,山西,,
463,交城,交城,1,112.15627,37.54441,山西,,
464,焦山,焦山,1,119.44,32.2,江K,,
465,胶水,z水,1,119.94828,36.78824,山|,,
466,胶州,z州,1,120.0073,36.30003,山|,,
467,解县,解h,1,110.85544,34.91178,山西,,
468,金川,金川,1,102.86881,31.40469,江西,,
469,金台,金_,1,107.241165,34.365429,河北,,
470,金阎,金,1,120.62,31.32,江K,,
471,晋阳,x,1,112.5121,37.709,山西,,
472,京口,京口,1,119.44,32.2,江K,,
473,京兆,京兆,1,108.907,34.24642,西,,
474,旌德,旌德,1,118.53877,30.29102,安徽,,
476,靖安,靖安,1,115.35664,28.86102,江西,,
478,九江,九江,1,115.97,29.71,江西,,
479,居延,居延,1,100.88,41.9,甘C,,
480,莒州,莒州,1,118.83442,35.58189,山|,,
481,句章,句章,1,121.16,30.04,浙江,,
482,钧州,x州,1,113.46706,34.16249,河南,,
483,开封,_封,1,114.34333,34.78548,河南,,
484,昆陵,昆陵,1,119.95,31.79,江K,,
485,兰溪,mG,1,119.47885,29.20445,浙江,,
486,兰阳,m,1,114.81012,34.82652,河南,,
487,耒阳,耒,1,112.867403,26.427723,湖南,,
488,犁邱,犁邱,1,116.86,37.2,河北,,
489,黎城,黎城,1,113.38003,36.50434,山西,,
490,蠡县,蠡h,1,115.5747,38.49006,河北,,
491,蠡州,蠡州,1,115.5747,38.49006,河北,,
492,澧城,澧城,1,111.75,29.65,西,,
493,澧州,澧州,1,111.75699,29.64015,湖南,,
494,利州,利州,1,106.32846,24.31197,|,,
495,溧水,溧水,1,119.02286,31.65656,江K,,
496,溧阳,溧,1,119.486,31.43071,江K,,
497,历山,v山,1,118.465508,35.590851,山|,,
498,连江,B江,1,119.53447,26.19802,福建,,
499,梁溪,梁溪,1,120.29,31.59,江K,,
500,梁邹,梁u,1,117.979779,37.391073,山|,,
501,聊城,聊城,1,115.98749,36.44671,山|,,
502,林州,林州,1,113.81281,36.0688,河南,,
503,临安,R安,1,119.72128,30.23106,浙江,,
504,临潢,R潢,1,118.914762,42.267574,内蒙古,,
505,临晋,Rx,1,110.55164,35.09781,山西,,
506,临清,R清,1,115.70152,36.84621,山|,,
507,临潼,R潼,1,109.21272,34.36835,西,,
508,临武,R武,1,112.53838,25.28151,湖南,,
510,陵州,陵州,1,104.1521,30.0041,山|,,
511,灵石,`石,1,111.77622,36.84215,山西,,
512,六安,六安,1,116.49412,31.7546,安徽,,
513,龙洲,洲,1,104.7,31.8,四川,,
515,庐江,]江,1,117.28835,31.25336,安徽,,
516,庐州,]州,1,117.27646,31.86446,安徽,,
517,鲁桥,,1,116.59,35.38,山|,,
518,鲁山,山,1,112.90194,33.73712,河南,,
519,鹿泉,鹿泉,1,114.03,38.08,河北,,
520,潞县,潞h,1,116.7374,39.9043,0,,
521,罗山,_山,1,114.52224,32.20237,江西,,
522,罗田,_田,1,115.3904,30.79035,湖北,,
523,罗源,_源,1,119.54493,26.49091,福建,,
524,满城,M城,1,115.31562,38.94772,河北,,
526,蒙阴,蒙,1,117.92838,35.71375,山|,,
527,孟县,孟h,1,112.7828,34.90318,河南,,
528,孟州,孟州,1,112.7828,34.90318,山西,,
529,沔水,沔水,1,104.194851,30.832395,湖北,,
530,沔阳,沔,1,113.2366,30.18954,湖北,,
531,闵乡,hl,1,113.946555,35.274595,河南,,
533,明州,明州,1,121.54266,29.86632,浙江,,
535,秣陵,秣陵,1,118.78,32.04,江K,,
536,牟平,牟平,1,121.58773,37.37655,山|,,
537,睦州,睦州,1,119.49886,29.54448,浙江,,
538,那县,那h,1,108.09,35.04,西,,
540,南昌,南昌,1,115.89,28.68,江西,,
541,南充,南充,1,106.08073,30.79899,四川,,
542,南宫,南宫,1,115.413555,37.36615,河北,,
543,南海,南海,1,113.25607,23.13462,V|,,
544,南和,南和,1,114.68731,36.99957,河北,,
545,南雄,南雄,1,114.33,25.14,V|,,
546,南乐,南,1,115.19762,36.07747,河南,,
547,南郑,南,1,107.03519,33.07648,西,,
548,内黄,内黄,1,114.88,35.95,河南,,
549,内江,内江,1,104.194851,30.832395,四川,,
550,彭衙,彭衙,1,109.6,35.18,西,,
551,毗陵,毗陵,1,120.2723,31.893562,江K,,
552,平棘,平棘,1,114.77218,37.75293,河北,,
553,平水,平水,1,111.22,35.62,山西,,
554,平州,平州,1,109.47186,25.66099,河北,,
555,莆阳,莆,1,119.008656,25.428794,福建,,
556,蒲圻,蒲圻,1,113.87461,29.70835,湖北,,
557,濮州,濮州,1,115.50356,35.67287,河南,,
558,浦城,浦城,1,118.53626,27.92469,福建,,
559,淇水,淇水,1,114.185724,35.906783,河南,,
560,齐东,R|,1,117.62292,36.99135,山|,,
561,蕲春,I春,1,115.47425,30.30481,湖北,,
562,秦邮,秦],1,119.678287,32.773609,江K,,
563,秦州,秦州,1,105.71696,34.58547,甘C,,
564,沁水,沁水,1,112.17013,35.6904,山西,,
565,青龙,青,1,121.1,31.15,上海,,
566,青神,青神,1,103.84511,29.83728,四川,,
567,青阳,青,1,117.86305,30.63664,安徽,,
568,清河,清河,1,115.62411,37.07303,河北,,
569,清化,清化,1,106.56029,32.03808,河南,,
570,清平,清平,1,116.07657,36.75478,山|,,
571,清水,清水,1,106.13658,34.7463,甘C,,
572,清州,清州,1,116.82543,38.58071,河北,,
573,邱县,邱h,1,115.15681,36.71392,河北,,
575,衢县,衢h,1,118.88,28.97,浙江,,
576,曲阳,曲,1,114.6902,38.62145,河北,,
577,穰县,穰h,1,112.08096,32.68483,河南,,
578,任丘,任丘,1,116.1002,38.7069,河北,,
579,任县,任h,1,114.68074,37.12608,河北,,
580,容城,容城,1,115.86572,39.05165,河北,,
581,瑞阳,瑞,1,115.38,28.42,江西,,
582,润州,州,1,119.44429,32.20649,江K,,
583,萨迦,_迦,1,88,28.87,西藏,,
584,沙县,沙h,1,117.78179,26.39761,福建,,
586,山阳,山,1,119.14111,33.50279,河南,,
587,陕州,州,1,111.15139,34.7918,河南,,
588,商州,商州,1,109.93246,33.86989,西,,
589,上邦,上邦,1,105.69,34.6,甘C,,
590,上都,上都,1,116.02,42.25,让晒,,
591,射洪,射洪,1,105.27602,30.98916,四川,,
592,莘县,莘h,1,115.66508,36.23671,河北,,
593,深泽,深,1,115.19208,38.1849,河北,,
594,深州,深州,1,115.54887,38.01173,河北,,
595,沈丘,沈丘,1,115.14233,33.17888,河南,,
596,石泉,石泉,1,108.25346,33.04337,四川,,
597,寿昌,鄄,1,119.21964,29.36959,浙江,,
598,寿邑,垡,1,115.989225,35.762069,山|,,
600,苏州,K州,1,120.61862,31.31271,江K,,
601,睢州,睢州,1,115.06597,34.4305,河南,,
602,随州,S州,1,113.36982,31.71511,湖北,,
603,遂昌,遂昌,1,119.26347,28.58789,浙江,,
604,台州,台州,1,121.1206,28.84313,浙江,,
605,太平,太平,1,118.12315,30.29855,山西,,
606,唐山,唐山,1,114.69869,37.33981,河北,,
607,滕县,滕h,1,117.15701,35.08502,山|,,
608,同安,同安,1,118.14412,24.73605,福建,,
610,桐江,桐江,1,119.64,29.8,浙江,,
611,桐庐,桐],1,119.66494,29.80246,浙江,,
612,铜陵,~陵,1,117.7875,30.95385,安徽,,
616,屯留,屯留,1,112.88245,36.32195,山西,,
617,宛平,宛平,1,116.368,39.93143,北京,,
618,潍阳,H,1,119.390713,43.984132,山|,,
619,蔚州,蔚州,1,114.56905,39.84054,河北,,
620,卫辉,lx,1,114.05,35.44,河南,,
621,温州,温州,1,120.65,28.01,浙江,,
622,文昌,文昌,1,110.7559,19.62095,海南,,
623,文登,文登,1,122.05669,37.19306,山|,,
624,汶川,汶川,1,103.57815,31.47779,四川,,
625,吴城,浅,1,120.592599,31.301341,江K,,
626,吴陵,橇,1,119.894562,32.41765,江K,,
627,无极,oO,1,114.96936,38.17673,河北,,
628,武安,武安,1,114.19186,36.69758,河北,,
629,武当山,武山,1,111.10292,32.511267,湖北,,
630,武进,武M,1,119.9523,31.78278,江K,,
631,武连,武B,1,105.28281,31.89395,四川,,
633,武阳,武,1,108.91045,24.95324,甘C,,
634,西安,西安,1,118.88,28.97,浙江,,
635,西和,西和,1,105.29073,34.01193,甘C,,
636,西华,西A,1,114.52444,33.79306,河南,,
637,锡山,a山,1,120.29,31.59,江K,,
638,合县,Ah,1,116,36.95,山|,,
639,下蔡,下蔡,1,116.72009,32.70558,安徽,,
640,下邳,下邳,1,117.88688,34.11826,江K,,
641,咸阳,咸,1,108.70995,34.33905,西,,
642,相台,相_,1,118.914762,42.267574,河南,,
643,相州,相州,1,114.3548,36.0976,河南,,
644,香山,香山,1,113.3736,22.52581,V|,,
645,湘乡,湘l,1,112.51875,27.73725,湖南,,
646,湘阴,湘,1,112.8803,28.67621,湖南,,
647,襄垣,襄垣,1,113.04076,36.53459,山西,,
648,孝义,孝x,1,111.78277,37.14323,西,,
649,颉州,R州,1,115.81,32.89,安徽,,
650,新淦,新淦,1,115.39381,27.75974,江西,,
651,新乐,新,1,114.7876,38.39504,河北,,
652,新郑,新,1,113.71909,34.39732,河南,,
653,信安,信安,1,118.50266,28.90373,河北,,
654,信州,信州,1,117.96489,28.45069,江西,,
655,兴平,d平,1,108.4826,34.29872,河北,,
656,兴中,d中,1,120.42,41.58,|,,
657,熊岳,熊岳,1,122.37,40.42,|,,
658,修武,修武,1,113.43484,35.2312,河南,,
659,宿松,宿松,1,116.1142,30.15121,安徽,,
660,宿州,宿州,1,116.9714,33.64237,安徽,,
661,秀容,秀容,1,112.7312,38.39856,山西,,
662,须城,城,1,116.29917,35.91034,山|,,
663,郇城,郇城,1,110.78,35.15,山西,,
664,浔阳,￡,1,115.98568,29.72236,江西,,
665,浚州,F州,1,114.5443,35.66838,河北,,
666,雅安,雅安,1,102.98437,29.98556,四川,,
667,延安,延安,1,110.0152,36.47754,西,,
668,兖州,兖州,1,116.83,35.54,山|,,
669,剡源,剡源,1,120.89,29.49,浙江,,
670,厌次,次,1,117.64689,37.29529,山|,,
671,阳城,城,1,112.418,35.49059,山西,,
672,伊川,伊川,1,112.432026,34.43167,河南,,
673,猗氏,猗氏,1,110.77404,35.14794,山西,,
674,黟县,黟h,1,117.93021,29.93312,安徽,,
675,沂水,沂水,1,118.62395,35.79103,山|,,
676,宜川,宜川,1,110.16488,36.04517,西,,
677,宜春,宜春,1,114.37588,27.79427,江西,,
678,宜州,宜州,1,108.65588,24.49073,V西,,
679,益津,益津,1,116.405,39.1007,河北,,
680,益州,益州,1,104.078,30.65038,四川,,
681,翼城,翼城,1,111.70844,35.73876,山西,,
682,应城,城,1,113.56968,30.946,湖北,,
683,邕州,邕州,1,108.31207,22.80614,V西,,
684,永福,永福,1,118.9341,25.86762,福建,,
685,永济,永,1,110.33231,34.83513,山西,,
686,永平,永平,1,99.51934,25.46317,山|,,
687,永州,永州,1,111.61256,26.21034,湖南,,
688,甬东,甬|,1,122.11,30.03,浙江,,
689,甬上,甬上,1,121.56,29.86,浙江,,
690,攸州,攸州,1,113.34333,27.00403,湖南,,
691,榆次,榆次,1,112.74468,37.67847,山西,,
692,禹城,禹城,1,116.65119,36.94436,山|,,
693,禹县,禹h,1,113.47,34.16,河南,,
694,玉田,玉田,1,117.75478,39.88367,河北,,
695,裕州,裕州,1,112.99251,33.26008,河南,,
696,元山,元山,1,0,0,江K,,
697,袁州,袁州,1,114.37588,27.79427,江西,,
698,圆沙,圆沙,1,0,0,V|,,
699,岳州,岳州,1,113.09766,29.37126,湖南,,
700,乐乎,泛,1,117.12,28.97,江西,,
701,乐陵,妨,1,117.21653,37.73789,山|,,
702,乐清,非,1,120.95769,28.13068,浙江,,
703,云梦,,1,113.7464,31.02582,湖北,,
704,云南,南,1,100.55898,25.47909,南,,
705,云内,内,1,111.65,40.82,内蒙古,,
706,云阳,,1,108.8915,30.96685,西,,
707,赞皇,皇,1,114.37698,37.66266,河北,,
708,沼水,沼水,1,0,0,河北,,
709,震泽,震,1,120.63779,31.16706,江K,,
710,镇阳,,1,113.37,38.01,河南,,
711,政和,政和,1,118.85319,27.3721,福建,,
712,治水,治水,1,115.08,36.97,河北,,
713,中牟,中牟,1,114.02625,34.73209,河南,,
714,中山,中山,1,114.56364,38.14011,河北,,
715,诸,T,1,120.22766,29.71314,浙江,,
717,涿郡,涿郡,1,115.98,39.48,河北,,
718,涿州,涿州,1,115.96815,39.48722,河北,,
719,滋阳,滋,1,116.82253,35.55565,山|,,
720,资中,Y中,1,104.6,30.19,四川,,