ID,vol,author,add1,x,y,,
3,,丘C,霞,120.82707,37.30238,,全国 籍贯分布
4,,行秀,解h,110.85544,34.91178,,
6,,王v,虢h,104.91336,33.39463,,
9,,史秉直,永清,116.49061,39.32571,,
10,,李俊民,x城,112.83916,35.50432,,
11,,T志亨,T翊,109.9481,34.7968,,
12,,孔元措,曲阜,116.98606,35.59755,,
15,,J,奉天,108.2356,34.5303,,
17,,徐之V,州,116.598,36.39659,,
18,,詈甑,淄川,117.96096,36.63599,,
19,,柔,定d,115.77419,39.26959,,
20,,耶律楚材,燕京,116.46,39.92,,
21,,元好,秀容,112.7312,38.39856,,
23,,李士全,太谷,112.55276,37.42551,,
25,,李志常,^城,115.37628,35.94408,,
26,,姬志真,高平,112.91959,35.79206,,
27,,李庭,奉先,109.58512,34.95594,,
28,,罟,蒲,115.31509,38.41234,,
29,,]默,肥l,114.8031,36.55203,,
30,,w,,113.7464,31.02582,,
31,,段克己,稷山,110.97883,35.60216,,
32,,段成己,稷山,110.97883,35.60216,,
33,,麻革,Rx,110.55164,35.09781,,
34,,李,章丘,117.4854,36.8169,,
35,,史天,永清,116.49061,39.32571,,
36,,王磐,永年,114.72307,36.70103,,
37,,⑵,源,113.6849,39.69634,,
38,,姚,洛,112.38263,34.66528,,
39,,杜瑛,信安,118.50266,28.90373,,
40,,李昶,城,116.29917,35.91034,,
42,,杜仁,L清,116.72206,36.55182,,
43,,徐世隆,西A,114.52444,33.79306,,
45,,高,真定,114.56364,38.14011,,
46,,S衡,河内,112.92,35.08,,
49,,,城,113.56968,30.946,,
50,,Rv,南S,116.52993,27.21431,,
52,,王x山,富州,105.8504,23.64806,,
53,,李珏,吉水,115.13225,27.21437,,
54,,舒岳祥,海,121.42555,29.28362,,
56,,秦志安,陵川,113.27701,35.77813,,
57,,⒈忠,瑞州,115.37228,28.4256,,
58,,李道t,汴梁,114.35,34.79,,
60,,耶律T,,116.46,39.92,,
61,,郝,陵川,113.27701,35.77813,,
63,,r可,燕京,116.46,39.92,,
64,,王粹,平州,109.47186,25.66099,,
67,,敬C,易州,115.49348,39.34904,,
69,,⒃,新城,115.98756,39.24595,,
70,,s,猗氏,110.77404,35.14794,,
73,,史志,翼城,111.70844,35.73876,,
78,,高（塾穑,益津,116.405,39.1007,,
85,,朱,Ld,119.90138,31.01389,,
86,,⒂,源,113.6849,39.69634,,
87,,_,淮,118.93359,33.53131,,
89,,梅l,V德,119.42019,30.89469,,
90,,曾子良,金G,116.77626,27.91008,,
91,,著,襄陵,111.39649,36.02399,,
92,,罟к,高陵,109.08048,34.53332,,
93,,宋m,L子,112.87379,36.11993,,
94,,U,歙h,118.43394,29.86577,,
96,,s肇,}官,120.5375,30.40628,,
97,,胡祗y,武安,114.19186,36.69758,,
99,,王,汲h,114.07027,35.41038,,
101,,方回,歙h,118.43394,29.86577,,
102,,牟t,湖州,120.09931,30.86496,,
104,,王,|明,115.08884,35.29849,,
105,,安石,吉州,110.67517,36.09563,,
106,,郭r中,太原,112.56483,37.87375,,
107,,钔,成安,114.69406,36.44135,,
110,,郭起南,汾,111.77903,37.2634,,
112,,裴,L安,108.90698,34.24642,,
114,,毛翼,汴梁,114.35,34.79,,
115,,高不,永州,111.61256,26.21034,,
116,,王x端,S城,115.78578,28.19775,,
117,,宜O,休,118.17577,29.78119,,
118,,冷登,武,115.09958,29.27749,,
120,,何艄,淳安,118.96516,29.61229,,
121,,胡次焱,婺源,117.84459,29.24473,,
122,,王e翁,福,119.9904,26.88346,,
123,,武震,平棘,114.77218,37.75293,,
124,,胡三省,海,121.42555,29.28362,,
125,,天祥,x,114.9154,37.62109,,
127,,方逢振,淳安,118.96516,29.61229,,
128,,汪深,休,118.17577,29.78119,,
131,,自e,松,119.48534,28.45075,,
132,,郭守敬,邢_,114.49426,37.06636,,
133,,黄仲元,莆田,119.0111,25.43395,,
134,,魏初,},114.5913,40.2264,,
135,,⒊轿,]陵,114.97128,27.10324,,
136,,金履祥,m溪,119.47885,29.20445,,
138,,剡,]陵,114.97128,27.10324,,
139,,董,邢_,114.49426,37.06636,,
140,,泰亨,堂邑,115.77485,36.48784,,
142,,李x,汾,111.77903,37.2634,,
146,,⑿,潞州,113.10349,36.18354,,
147,,T崧,真定,114.56364,38.14011,,
148,,孔O,隆安,107.68495,23.17817,,
149,,李鼎,太原,112.56483,37.87375,,
150,,李t,|阿,116.25102,36.21138,,
151,,罨,慰h,116.07925,34.7979,,
152,,朱子昌,平,120.55644,27.67572,,
153,,胡艨,新城,115.98756,39.24595,,
154,,邢翳,文昌,110.7559,19.62095,,
155,,庚,|莞,113.74982,23.04662,,
156,,林千之,平,120.55644,27.67572,,
157,,曹,休,118.17577,29.78119,,
158,,王恂,唐h,114.96915,38.74149,,
160,,e,安仁,116.90326,28.40443,,
161,,董嗣杲,X塘,120.16862,30.29412,,
163,,宋t亨,粗,118.75231,39.73965,,
164,,商琥,,115.28286,34.99095,,
165,,?,Ы,103.71374,31.00265,,
166,,,高唐,116.231,36.86162,,
167,,尚文,深,115.19208,38.1849,,
168,,文璧,]陵,114.97128,27.10324,,
169,,程逢午,休,118.17577,29.78119,,
170,,曹f,鄞h,121.54266,29.86632,,
171,,杜道,采石,118.49,31.55,,
172,,B文P,三山,119.3,26.08,,
173,,姚燧,洛,112.38263,34.66528,,
175,,王思廉,@鹿,114.30772,38.08311,,
176,,^,奉化,121.40691,29.65166,,
177,,焦B直,堂邑,115.77485,36.48784,,
178,,崔,弘州,114.1847,40.142,,
179,,w昌,渤海,118.1031,37.4769,,
180,,元熙,豫章,115.89772,28.6749,,
181,,w文,]陵,114.97128,27.10324,,
182,,w淇,衡山,112.85242,27.24565,,
183,,牟楷,黄r,121.27,28.64,,
184,,虞]l,丹,119.56986,31.9958,,
185,,姚,高安,115.37228,28.4256,,
186,,,南S,116.52993,27.21431,,
187,,K子珍,眉山,103.83146,30.0505,,
188,,王麟,那h,108.09,35.04,,
192,,董楷,天台,121.02656,29.13826,,
194,,宋景祁,高平,112.91959,35.79206,,
199,,李,信都,115.56381,37.56598,,
201,,陶,T暨,120.22766,29.71314,,
202,,柴世s,强h,120.61862,31.31271,,
204,,茅志宣,滕h,117.15701,35.08502,,
205,,t,南,117,36.65,,
206,,fN,金,119.57062,31.74698,,
208,,v,x,114.9154,37.62109,,
209,,至,w州,114.77218,37.75293,,
212,,王,平定,113.62227,37.80204,,
213,,汪,婺源,117.84459,29.24473,,
214,,宰沂,洛,112.38263,34.66528,,
215,,江Y,婺源,117.84459,29.24473,,
218,,郭侃,h,109.75989,34.51963,,
219,,李思衍,N干,116.682,28.69155,,
220,,王奕,玉山,118.24018,28.6796,,
222,,钗挠,,117.21024,36.97194,,
223,,祥~,d平,108.4826,34.29872,,
224,,滕安上,安喜,114.97504,38.52006,,
225,,徐琰,|平,125.52363,42.66988,,
226,,丁易|,武陵,111.6913,29.03481,,
227,,王肝,婺源,117.84459,29.24473,,
228,,方P,浦江,119.88368,29.45871,,
229,,思肖,B江,119.53447,26.19802,,
230,,（]斗）,奉先,109.58512,34.95594,,
231,,林,莆田,119.0111,25.43395,,
232,,燕公楠,建昌,115.76182,29.08783,,
233,,炳,丹,119.56986,31.9958,,
234,,文才,清水,106.13658,34.7463,,
237,,R,涿郡,115.98,39.48,,
238,,林景熙,平,120.55644,27.67572,,
240,,程,婺源,117.84459,29.24473,,
241,,~李,杭州,120.16862,30.29412,,
242,,梁,江,119.44,32.2,,
243,,王鼎,蔚州,114.56905,39.84054,,
244,,滁O,州,119.91301,28.44873,,
246,,尹固毅,咸,108.70995,34.33905,,
248,,孔濂,衢州,118.86765,28.95682,,
249,,梅re,永嘉,120.65322,28.01829,,
250,,尹准一,姑K,120.62,31.32,,
252,,孔章,定襄,112.94377,38.49269,,
253,,曹h炎,慈溪,121.4442,29.9792,,
254,,孔任氏,曲阜,116.98606,35.59755,,
256,,徐天v,山,112.94273,39.44044,,
258,,董t,三山,119.3,26.08,,
261,,高凝,河内,112.92,35.08,,
263,,黎立武,新喻,114.93114,27.80408,,
264,,朱叔麟,x,120.07162,29.30009,,
265,,李洧O,海,121.42555,29.28362,,
271,,楫,大名,115.13826,36.24564,,
274,,雄w,R沂,118.34095,35.07156,,
275,,伯淳,崇德,120.41874,30.53045,,
276,,之翰,邯郸,114.47,36.6,,
277,,⒚糁,章丘,117.4854,36.8169,,
282,,孟祺,符x,116.9714,33.64237,,
283,,苟宗道,清苑,115.50209,38.8557,,
286,,白,太原,112.56483,37.87375,,
287,,宗演,F溪,117.20227,28.2879,,
288,,家C翁,眉州,103.83146,30.0505,,
290,,戴表元,奉化,121.40691,29.65166,,
291,,普,德,119.51727,26.66122,,
293,,黄翁,南城,116.62745,27.55972,,
294,,尚野,保定,116.36626,39.00622,,
295,,丘葵,同安,118.14412,24.73605,,
300,,,分,114.55963,29.03871,,
301,,黄公B,邵武,117.4834,27.33769,,
302,,浅,光化,111.62382,32.46271,,
304,,祖乘,永,110.33231,34.83513,,
305,,仁德,S州,113.81975,34.03139,,
307,,何|,易h,115.49348,39.34904,,
309,,苑芝,高,115.7742,38.68891,,
311,,w必（王象）,|莞,113.74982,23.04662,,
312,,王,|平,125.52363,42.66988,,
313,,胡渭,T暨,120.22766,29.71314,,
314,,李溥光,大同,113.29639,40.09284,,
315,,石延祚,Y,115.77429,36.11476,,
319,,熊朋,豫章,115.89772,28.6749,,
321,,白恪,真定,114.56364,38.14011,,
322,,郝天挺,太原,112.56483,37.87375,,
323,,希陵,x,120.07162,29.30009,,
324,,牟,桥d,120.1,30.86,,
325,,甘楚材,Vh,104.25,30.99,,
327,,胡一桂,婺源,117.84459,29.24473,,
328,,王公孺,汲h,114.07027,35.41038,,
330,,范震,唐山,114.69869,37.33981,,
333,,英,高,115.7742,38.68891,,
334,,履,郇城,110.78,35.15,,
337,,留O,F溪,117.20227,28.2879,,
338,,白E,X塘,120.16862,30.29412,,
339,,①s,治水,115.08,36.97,,
340,,⒁,容城,115.86572,39.05165,,
341,,陶Y,@嘉,113.66022,35.26813,,
345,,王道安,孟h,112.7828,34.90318,,
348,,靳元敬,潞州,113.10349,36.18354,,
349,,,P,117.53775,32.86535,,
359,,姚文,新昌,120.90211,29.49465,,
361,,董,陵,115.31537,34.44598,,
365,,泳,汴京,114.35,34.79,,
369,,x翱,L溪,119.9904,26.88346,,
370,,胡L孺,永康,120.02525,28.89727,,
372,,浅,崇仁,116.06158,27.75564,,
375,,程夫,建昌,115.76182,29.08783,,
380,,董庭G,L平,112.88,35.48,,
389,,钗,南,112.53547,33.00168,,
392,,秦L卿,洛,112.38263,34.66528,,
394,,王天挺,泰安,117.12719,36.189,,
397,,邢允修,定襄,112.94377,38.49269,,
398,,孟宗,N杭,119.9406,30.27177,,
399,,w孟何,鄞h,121.54266,29.86632,,
400,,w孟g,Si,121.27,28.64,,
401,,⑻,i城,115.93501,35.60506,,
402,,段B隆,x城,112.83916,35.50432,,
403,,苑黼,高,115.7742,38.68891,,
408,,俞r中,浦江,119.88368,29.45871,,
412,,n冲,汲h,114.07027,35.41038,,
413,,胡炳文,婺源,117.84459,29.24473,,
414,,徐明善,德d,117.58012,28.95341,,
415,,UO,歙h,118.43394,29.86577,,
416,,薛友,上邦,105.69,34.6,,
418,,程直方,婺源,117.84459,29.24473,,
419,,文彬,昌,118.83671,36.70358,,
420,,榘,州,119.44429,32.20649,,
421,,俞浙,Bd,120.58,30.01,,
422,,侵t,浦江,119.88368,29.45871,,
423,,lt,A亭,121.22764,31.00948,,
424,,X重鼎,强h,120.61862,31.31271,,
425,,王炎午,安福,114.60845,27.38246,,
426,,仲,X塘,120.16862,30.29412,,
427,,n信同,德,119.51727,26.66122,,
428,,王s,真定,114.56364,38.14011,,
429,,文圭,江,120.26609,31.90877,,
431,,,休,118.17577,29.78119,,
432,,任士林,奉化,121.40691,29.65166,,
434,,R克治,濮,115.07806,35.65017,,
436,,王r,沁水,112.17013,35.6904,,
437,,余良o,金陵,118.78,32.04,,
443,,n仲元,仃P,113.19962,36.1135,,
444,,魏必,},114.5913,40.2264,,
446,,熊禾,建,118.10537,27.33988,,
448,,⑻,]陵,114.97128,27.10324,,
450,,⑻,]陵,114.97128,27.10324,,
451,,徐瑞,鄱,116.66383,28.99417,,
452,,徐瑞,|平,125.52363,42.66988,,
455,,w孟\,湖州,120.09931,30.86496,,
456,,同恕,奉元,108.95,34.27,,
457,,王旭,永平,99.51934,25.46317,,
458,,俏,浦江,119.88368,29.45871,,
459,,昌士,,118.97754,30.61997,,
460,,黄庚,天台,121.02656,29.13826,,
461,,仇h,X塘,120.16862,30.29412,,
462,,沈x甫,震,120.63779,31.16706,,
463,,黄,祁T,117.70698,29.85415,,
464,,盛象翁,黄r,121.27,28.64,,
466,,史杠,永清,116.49061,39.32571,,
468,,w璧,Y,115.77429,36.11476,,
469,,啾忠,黎城,113.38003,36.50434,,
472,,存,泉,119.12091,28.08256,,
476,,郝允中,河内,112.92,35.08,,
477,,阮泳,香山,113.3736,22.52581,,
480,,郭晦,嘉d,120.7532,30.76747,,
481,,德通,L平,112.88,35.48,,
489,,S潜,定襄,112.94377,38.49269,,
504,,李廷,陵川,113.27701,35.77813,,
505,,解亨,渤海,118.1031,37.4769,,
509,,程子敬,歙h,118.43394,29.86577,,
510,,S愉,溧水,119.02286,31.65656,,
512,,常定述,光山,114.89877,32.0097,,
514,,铊,西和,105.29073,34.01193,,
516,,汪舳,溪,118.58411,30.07777,,
519,,李孟,上h,113.10348,36.18354,,
520,,曹伯,X山,116.34025,34.42788,,
522,,A至,高安,115.37228,28.4256,,
523,,仁夫,永新,114.23687,26.94556,,
524,,李之B,平,116.44867,36.28693,,
525,,钣,玉田,117.75478,39.88367,,
527,,wrh,墙,120.63779,31.16706,,
529,,T子振,攸州,113.34333,27.00403,,
530,,谴,鄱,116.66383,28.99417,,
531,,程托,婺源,117.84459,29.24473,,
532,,宋超,菲,113.6968,37.60836,,
533,,O,]陵,114.97128,27.10324,,
534,,王俣,|平,125.52363,42.66988,,
535,,民I,潞州,113.10349,36.18354,,
543,,程鼎,旌德,118.53877,30.29102,,
544,,王奎,鄞h,121.54266,29.86632,,
546,,民I,潞州,113.10349,36.18354,,
549,,李\,嘉祥,116.34298,35.40069,,
550,,李ae,lx,114.05,35.44,,
551,,郭松年,商州,109.93246,33.86989,,
552,,自立,上虞,120.97359,29.95265,,
553,,孚,R海,121.1206,28.84313,,
554,,黄超然,黄r,121.27,28.64,,
556,,俞琰,L洲,120.61862,31.31271,,
557,,,江,120.26609,31.90877,,
558,,范霖,N,120.05844,28.64839,,
559,,文原,杭州,120.16862,30.29412,,
560,,蒲道源,青神,103.84511,29.83728,,
561,,D,X塘,120.16862,30.29412,,
562,,思明,x州,113.79414,35.45868,,
563,,深,强h,120.61862,31.31271,,
564,,石r,江,119.44,32.2,,
565,,宋无,x陵,119.9523,31.78278,,
566,,雷思R,R川,116.35134,27.98478,,
567,,管道杲,桥d,120.1,30.86,,
569,,⒑迫,定襄,112.94377,38.49269,,
570,,⒃郎,吉水,115.13225,27.21437,,
571,,w世延,中,113.29639,40.09284,,
573,,汪炎昶,婺源,117.84459,29.24473,,
574,,王德明,嘉定,121.24902,31.38584,,
575,,汪巽元,休,118.17577,29.78119,,
576,,管道N,桥d,120.1,30.86,,
577,,郭士文,真定,114.56364,38.14011,,
578,,林起宗,德,113.25392,22.84786,,
579,,T德秀,遂,105.81228,30.19446,,
580,,明本,新城,115.98756,39.24595,,
581,,R履t,大名,115.13826,36.24564,,
582,,Y,墙,120.63779,31.16706,,
583,,,定d,115.77419,39.26959,,
584,,,清州,116.82543,38.58071,,
585,,孟淳,S州,113.36982,31.71511,,
587,,⒃,吉水,115.13225,27.21437,,
588,,李元澧,真定,114.56364,38.14011,,
589,,千龄,歙h,118.43394,29.86577,,
590,,,益州,104.078,30.65038,,
591,,畹q,上,117.96489,28.45069,,
592,,薛^,鄞h,121.54266,29.86632,,
593,,王士熙,|平,125.52363,42.66988,,
594,,阿中,钒,118.40031,37.0498,,
597,,L春靥,平水,111.22,35.62,,
599,,段B先,,113.37,38.01,,
600,,薛邦s,喜,111.21721,35.35772,,
602,,王容,山,119.14111,33.50279,,
603,,李守,利州,106.32846,24.31197,,
604,,文谦,沙河,114.35181,36.88463,,
608,,德x,交城,112.15627,37.54441,,
611,,李S,淄川,117.96096,36.63599,,
612,,李思,N干,116.682,28.69155,,
619,,吴存,鄱,116.66383,28.99417,,
620,,史周卿,四明,121.56,29.86,,
621,,梁椅,水,119.91301,28.44873,,
627,,辈,奉化,121.40691,29.65166,,
628,,好古,建安,118.32378,27.03886,,
630,,翟,|莞,113.74982,23.04662,,
632,,宗,南海,113.25607,23.13462,,
633,,李琳,L沙,112.97813,28.1982,,
634,,梁益,江,120.26609,31.90877,,
635,,李,曲,114.6902,38.62145,,
636,,李淦,南城,116.62745,27.55972,,
638,,李世,南,117,36.65,,
642,,公P,浦江,119.88368,29.45871,,
643,,,都昌,116.18919,29.27256,,
644,,?,襄垣,113.04076,36.53459,,
647,,思善,]陵,114.97128,27.10324,,
652,,宋景祥,高平,112.91959,35.79206,,
653,,宋景祥,高平,112.91959,35.79206,,
654,,田衍,蒙城,116.55575,33.26864,,
655,,王利用,潞h,116.7374,39.9043,,
660,,鼎,汴,114.35,34.79,,
662,,柯t,仙居,120.73346,28.85221,,
663,,李|,潞城,113.22115,36.33509,,
665,,Z道存,沂水,118.62395,35.79103,,
666,,周之,L清,116.72206,36.55182,,
676,,胡初翁,婺源,117.84459,29.24473,,
677,,u民t,上高,114.92675,28.24137,,
678,,王汝楫,武l,112.91627,36.82682,,
680,,王献可,遂安,118.7384,29.48077,,
681,,吕仲,坳,113.16871,37.88678,,
684,,o,|莞,113.74982,23.04662,,
686,,邱辰,黄r,121.27,28.64,,
688,,石r,江,119.44,32.2,,
693,,袁桷,c元,119.05132,27.6142,,
696,,王天v,上h,113.10348,36.18354,,
697,,彭士奇,]陵,114.97128,27.10324,,
698,,王惟一,A亭,121.22764,31.00948,,
704,,克己,禹h,113.47,34.16,,
705,,李春叟,|莞,113.74982,23.04662,,
707,,戍,雅安,102.98437,29.98556,,
709,,王元吉,汾,111.77903,37.2634,,
710,,王元弼,孝x,111.78277,37.14323,,
711,,蔡人,新昌,120.90211,29.49465,,
713,,李道,都梁,110.61,26.73,,
714,,月忽乃,燕京,116.46,39.92,,
715,,南美,安睦,113.69,31.25,,
716,,文道V,濮州,115.50356,35.67287,,
717,,王天c,吉安,114.97,27.12,,
718,,李三俊,湘,112.8803,28.67621,,
719,,周正,I州,117.96531,37.47833,,
720,,史@,真定,114.56364,38.14011,,
721,,Q伏,淮安,119.14111,33.50279,,
722,,李},南,117,36.65,,
725,,了恩,定襄,112.94377,38.49269,,
726,,德,古筠,115.38,28.42,,
729,,丁志,益都,118.4781,36.69748,,
730,,茄,鄄城,115.5,35.57,,
731,,李孚t,燕山,116.46,39.92,,
733,,Z（有）,鹿泉,114.03,38.08,,
734,,王度,州,119.91301,28.44873,,
735,,R,任丘,116.1002,38.7069,,
736,,洪焱祖,歙h,118.43394,29.86577,,
739,,宋翼,高平,112.91959,35.79206,,
740,,文如玉,南充,106.08073,30.79899,,
741,,吾衍,X唐,120.19,30.26,,
742,,周尚之,S城,115.78578,28.19775,,
743,,曹元用,曹f,116.34,35.41,,
744,,周Y,聊城,115.98749,36.44671,,
745,,f,安S,116.67452,32.33413,,
746,,倪Y,醭,120.09931,30.86496,,
747,,元明善,清河,115.62411,37.07303,,
748,,奎,宣城,118.7425,30.94694,,
749,,王澄,浦江,119.88368,29.45871,,
750,,程郇,醭,120.09931,30.86496,,
752,,黄公望,常熟,120.73379,31.64658,,
753,,鞘恐@,永康,120.02525,28.89727,,
756,,唐元,歙h,118.43394,29.86577,,
758,,B浩,v城,117.00149,36.65013,,
760,,St,金A,119.64992,29.10471,,
763,,曹a,宛平,116.368,39.93143,,
764,,S甫,A原,108.9805,34.9129,,
765,,善入,定海,121.71172,29.9537,,
766,,c材,F溪,117.20227,28.2879,,
767,,程端Y,鄞h,121.54266,29.86632,,
768,,钤,杭州,120.16862,30.29412,,
769,,范Z,清江,115.39899,28.01557,,
771,,虞集,崇仁,116.06158,27.75564,,
778,,林和之,三山,119.3,26.08,,
779,,勖,粗,118.75231,39.73965,,
780,,李庭玉,]西,104.6356,35.00714,,
782,,滁O,州,119.91301,28.44873,,
783,,李元,真定,114.56364,38.14011,,
784,,翼,屯留,112.88245,36.32195,,
786,,何竟O,曹州,115.44413,35.25025,,
789,,黄和中,上虞,120.97359,29.95265,,
793,,x,永嘉,120.65322,28.01829,,
797,,s,奉化,121.40691,29.65166,,
801,,采,建安,118.32378,27.03886,,
802,,n,奉元,108.95,34.27,,
805,,膺,海陵,119.91124,32.49587,,
808,,文彦,|平,125.52363,42.66988,,
810,,王e,榆社,112.96366,37.07094,,
811,,w天麟,|平,125.52363,42.66988,,
813,,朱士立,平,120.55644,27.67572,,
816,,初才,福山,121.26053,37.49328,,
820,,w,相州,114.3548,36.0976,,
823,,司居敬,恩州,111.95895,21.84542,,
825,,翘炖,T暨,120.22766,29.71314,,
827,,白S,X塘,120.16862,30.29412,,
834,,,太原,112.56483,37.87375,,
835,,康祖,泉,119.12091,28.08256,,
837,,R曙,滏,114.37424,36.35904,,
838,,李郁,V平,114.93684,36.48052,,
839,,方天麟,R安,119.72128,30.23106,,
840,,汪一麟,休,118.17577,29.78119,,
841,,唐r措,上海,121.48676,31.22443,,
843,,宋眉年,永嘉,120.65322,28.01829,,
847,,橇,X塘,120.16862,30.29412,,
850,,⒃,孟州,112.7828,34.90318,,
852,,条,河|,110.33231,34.83513,,
853,,潘昂霄,南,117,36.65,,
859,,段思\,稷山,110.97883,35.60216,,
860,,士元,山,112.94273,39.44044,,
861,,Z,海昌,120.69,30.53,,
862,,王去疾,金,119.57062,31.74698,,
863,,俞庸,丹徒,119.44429,32.20649,,
864,,_璧,平江,113.57494,28.70981,,
866,,法洪,成州,114.22922,39.43774,,
867,,曾德裕,永S,118.19136,28.43847,,
868,,史惟良,i城,115.93501,35.60506,,
869,,揭菟,富州,105.8504,23.64806,,
870,,王垩,杭州,120.16862,30.29412,,
871,,虞,崇仁,116.06158,27.75564,,
872,,⒌轮,歙h,118.43394,29.86577,,
873,,永盛,菲,113.6968,37.60836,,
874,,李源道,亳州,115.7709,33.87929,,
876,,T山,永新,114.23687,26.94556,,
877,,k,金A,119.64992,29.10471,,
878,,侵狈,浦江,119.88368,29.45871,,
879,,林定老,水,119.91301,28.44873,,
880,,王好古,w州,114.77218,37.75293,,
882,,黄,x,120.07162,29.30009,,
885,,钊曙L,潞州,113.10349,36.18354,,
886,,滕e,睢,115.64607,34.44766,,
888,,王德Y,永年,114.72307,36.70103,,
889,,杜思敬,西河,111.77903,37.2634,,
890,,朱,中牟,114.02625,34.73209,,
891,,王e,榆社,112.96366,37.07094,,
893,,罹暗,,108.8915,30.96685,,
900,,汝明,咸,108.93719,34.31799,,
907,,w子元,南,100.55898,25.47909,,
912,,黄翔,明州,121.54266,29.86632,,
916,,戴侗,永嘉,120.65322,28.01829,,
917,,方樗,浦江,119.88368,29.45871,,
920,,宋革,邱h,115.15681,36.71392,,
921,,何|,易h,115.49348,39.34904,,
922,,良金,邕州,108.31207,22.80614,,
925,,朱文魁,金A,119.64992,29.10471,,
929,,高厚,R邛,103.45682,30.41659,,
930,,宫,S州,113.81975,34.03139,,
931,,恼芎V,高昌,89.5878,42.7987,,
933,,钊缟,蜀郡,104.078,30.65038,,
935,,翁餍,慈溪,121.4442,29.9792,,
937,,R嗣成,大梁,114.35,34.79,,
938,,王之V,,114.35,35.92,,
939,,KN,眉山,103.83146,30.0505,,
941,,⒕尤f,定襄,112.94377,38.49269,,
942,,段o,河中,110.42,34.88,,
943,,黄裳,眉山,103.83146,30.0505,,
944,,潘汝,彭衙,109.6,35.18,,
946,,敬,京兆,108.907,34.24642,,
947,,奎,江陵,112.19077,30.35044,,
948,,楚惟善,朝城,115.5786,36.05568,,
949,,夏,宜春,114.37588,27.79427,,
950,,泰,茶陵,113.55217,26.80198,,
951,,昱,]陵,114.97128,27.10324,,
952,,T景星,茶陵,113.55217,26.80198,,
953,,王Y,定d,115.77419,39.26959,,
954,,朱思本,R川,116.35134,27.98478,,
959,,王道孟,句容,119.16274,31.94654,,
960,,潘仁,I春,115.47425,30.30481,,
961,,倪M,安仁,116.90326,28.40443,,
963,,程s秀,休,118.17577,29.78119,,
965,,,妨,117.21653,37.73789,,
967,,顷,淳安,118.96516,29.61229,,
972,,程文,婺源,117.84459,29.24473,,
973,,胡助,|,120.22798,29.26057,,
975,,郝采麟,陵川,113.27701,35.77813,,
976,,宋渤,L子,112.87379,36.11993,,
982,,杜本(,清江,115.39899,28.01557,,
983,,干文,强h,120.61862,31.31271,,
991,,李倜,榆次,112.74468,37.67847,,
992,,李好t,R邑,116.85932,37.19032,,
995,,Rd,滏,114.37424,36.35904,,
997,,松,宣城,118.7425,30.94694,,
1000,,m讨,襄陵,111.39649,36.02399,,
1001,,戎益,德,113.25392,22.84786,,
1002,,李彝,E州,117.40182,40.04386,,
1003,,章矗,平,120.55644,27.67572,,
1004,,程端W,鄞h,121.54266,29.86632,,
1005,,炯,R海,121.1206,28.84313,,
1006,,王都中,福,119.9904,26.88346,,
1007,,X良右,L洲,120.61862,31.31271,,
1008,,王艮,T暨,120.22766,29.71314,,
1010,,樵,|,120.22798,29.26057,,
1011,,奕夫,鄞h,121.54266,29.86632,,
1012,,T福京,潼川,105.06,31.1,,
1013,,孛术,隆安,107.68495,23.17817,,
1016,,x端,遂,105.81228,30.19446,,
1019,,俞希,丹徒,119.44429,32.20649,,
1020,,胡，,L洲,120.61862,31.31271,,
1021,,胡元N,金溪,116.77,27.92,,
1024,,⒅,l,111.18812,37.3396,,
1025,,郭畀,丹徒,119.44429,32.20649,,
1027,,祖,奉化,121.40691,29.65166,,
1029,,B恒亨,川,102.2201,26.6606,,
1034,,宋本,大都,116.46,39.92,,
1035,,李存,安仁,116.90326,28.40443,,
1037,,道,m溪,119.47885,29.20445,,
1039,,朱震亨,x,120.07162,29.30009,,
1040,,曾巽申,永S,118.19136,28.43847,,
1042,,⑼⒅,保定,116.36626,39.00622,,
1044,,⒌勒,汝南,114.21797,32.99333,,
1046,,王d,建安,118.32378,27.03886,,
1053,,w衡正,嘉祥,116.34298,35.40069,,
1059,,元,奉化,121.40691,29.65166,,
1066,,林P,黄r,121.27,28.64,,
1070,,李讨,大都,116.46,39.92,,
1072,,孔文,平,120.55644,27.67572,,
1077,,李崇德,醴陵,113.4941,27.66852,,
1078,,朱融,管城,113.64131,34.75808,,
1079,,林元,霞,120.82707,37.30238,,
1081,,思敬,襄陵,111.39649,36.02399,,
1082,,鞠孝恭,牟平,121.58773,37.37655,,
1086,,崔允,代州,112.94904,39.06039,,
1089,,苑O,泰,117.15911,26.89848,,
1090,,X富,江夏,114.30666,30.57367,,
1091,,思温,襄陵,111.39649,36.02399,,
1093,,曹大本,i城,115.93501,35.60506,,
1096,,李敬祖,昌,118.83671,36.70358,,
1100,,柴道,襄陵,111.39649,36.02399,,
1102,,洪瑞,鄄,119.21964,29.36959,,
1106,,Z庸F,古并,112.53,37.87,,
1110,,林@,三山,119.3,26.08,,
1112,,周弼,松江,121.48,31.22,,
1115,,沈德章,X塘,120.16862,30.29412,,
1118,,宛溟,睢,115.64607,34.44766,,
1119,,敖^公,L,119.51884,25.95984,,
1120,,王振,大名,115.13826,36.24564,,
1121,,`,保定,116.36626,39.00622,,
1123,,毛f,大都,116.46,39.92,,
1125,,晏,沙河,114.35181,36.88463,,
1130,,T,信都,115.56381,37.56598,,
1131,,董鼎,鄱,116.66383,28.99417,,
1134,,李揆,高陵,109.08048,34.53332,,
1135,,曹|,R邑,116.85932,37.19032,,
1138,,日新,武昌,114.87991,30.40272,,
1140,,王宗克,,117.03468,30.5123,,
1142,,蜒,桐城,116.93861,31.05228,,
1144,,周忠厚,邳州,117.87732,34.11921,,
1147,,李承宗,高平,112.91959,35.79206,,
1148,,何文Y,河南,112.38263,34.66528,,
1149,,U元蒙,黟h,117.93021,29.93312,,
1150,,白I,真定,114.56364,38.14011,,
1152,,S,|平,125.52363,42.66988,,
1153,,U思x,海,120.5375,30.40628,,
1154,,卓琰,三山,119.3,26.08,,
1155,,周O,l,111.18812,37.3396,,
1156,,周O,鄱,116.66383,28.99417,,
1159,,,浦城,118.53626,27.92469,,
1163,,徐之祥,德d,117.58012,28.95341,,
1166,,文坤,n溪,105.93304,31.7431,,
1169,,立夫,吉水,115.13225,27.21437,,
1172,,宋文,裕州,112.99251,33.26008,,
1173,,,X塘,120.16862,30.29412,,
1174,,周文英,常熟,120.73379,31.64658,,
1175,,陶T,沔,113.2366,30.18954,,
1177,,恒,汝南,114.21797,32.99333,,
1178,,天英,永嘉,120.65322,28.01829,,
1179,,李恕,]陵,114.97128,27.10324,,
1180,,李|,金,119.57062,31.74698,,
1183,,巧,安仁,116.90326,28.40443,,
1184,,李有,平,120.55644,27.67572,,
1185,,大D,南昌,115.89772,28.6749,,
1186,LL第三十六册,李孝光,非,120.95769,28.13068,,
1188,,起r,v城,117.00149,36.65013,,
1189,,袁,,113.37,38.01,,
1190,,天v,金A,119.64992,29.10471,,
1192,,江,新安,115.92821,38.92518,,
1193,,W海,眉山,103.83146,30.0505,,
1195,,高,太原,112.56483,37.87375,,
1197,,口口,湖州,120.09931,30.86496,,
1199,,⒋蟊,X塘,120.16862,30.29412,,
1200,,孟翕,黄r,121.27,28.64,,
1201,,奈馁|,高昌,89.5878,42.7987,,
1203,,光祖,霍邑,111.72808,36.56382,,
1204,,祝蕃,F溪,117.20227,28.2879,,
1205,,S有孚,,114.35,35.92,,
1206,,潘伯修,黄r,121.27,28.64,,
1207,,安仁,堂邑,115.77485,36.48784,,
1208,,毛元c,]陵,114.97128,27.10324,,
1211,,c棣,F溪,117.20227,28.2879,,
1212,,,南昌,115.89772,28.6749,,
1216,,商琥,,115.28286,34.99095,,
1218,,恪,巴川,106.21226,29.86247,,
1220,,熊忠,武,108.91045,24.95324,,
1221,,李A,仙居,120.73346,28.85221,,
1226,,黄逸民,冠州,115.43623,36.47313,,
1227,,柳\,西河,111.77903,37.2634,,
1228,,如,N杭,119.9406,30.27177,,
1232,,夏s,南昌,115.89772,28.6749,,
1233,,黄F仁,南昌,115.89772,28.6749,,
1234,,李寓,澧州,111.75699,29.64015,,
1235,,周巽子,象山,121.86618,29.47443,,
1238,,徐朝直,番禺,113.25607,23.13462,,
1243,,Z景,榆社,112.96366,37.07094,,
1245,,王士,河内,112.92,35.08,,
1247,,~林（,X塘,120.16862,30.29412,,
1248,,黄紫,泰,117.15911,26.89848,,
1257,,黄Y（,莆田,119.0111,25.43395,,
1261,,李京,河g,116.08553,38.4357,,
1267,,俞,婺源,117.84459,29.24473,,
1268,,洪_,桐城,116.93861,31.05228,,
1269,,蜒,桐城,116.93861,31.05228,,
1275,,彭元,南昌,115.89772,28.6749,,
1277,,VT,蒙城,116.55575,33.26864,,
1278,,彭,南S,116.52993,27.21431,,
1279,,郭秉仁,h,109.75989,34.51963,,
1282,,舒叔I,海,121.42555,29.28362,,
1283,,O文通,汾西,111.56273,36.65054,,
1284,,王天利,仃P,113.19962,36.1135,,
1288,,戴起宗,集c,118.78,32.04,,
1290,,口,建康,118.78,32.04,,
1297,,王良弼,新,113.71909,34.39732,,
1302,,周耘,象山,121.86618,29.47443,,
1303,,_振文,安福,114.60845,27.38246,,
1304,,X岸,醭,120.09931,30.86496,,
1307,,黄向,句章,121.16,30.04,,
1309,,黄成,邵武,117.4834,27.33769,,
1311,,李,T,118.48344,31.55568,,
1313,,李粲,永S,118.19136,28.43847,,
1314,,俞,崇德,120.41874,30.53045,,
1316,,抢[,信都,115.56381,37.56598,,
1318,,洪震老,淳安,118.96516,29.61229,,
1319,,姜元佐,禹城,116.65119,36.94436,,
1320,,r逵,]江,117.28835,31.25336,,
1321,,uS新,莒州,118.83442,35.58189,,
1322,,袁遵道,沛h,116.92695,34.738,,
1323,,e道,上h,113.10348,36.18354,,
1328,,方君玉,州,116.66383,28.99417,,
1330,,汪可O,溪,118.58411,30.07777,,
1332,,伶思t,豫章,115.89772,28.6749,,
1333,,沈明仁,w安,120.09931,30.86496,,
1339,,~s,青田,120.28816,28.14388,,
1341,,董朝宗,N干,116.682,28.69155,,
1342,,董c隆,邢_,114.49426,37.06636,,
1344,,王弁,L安,108.90698,34.24642,,
1345,,x,菲,113.6968,37.60836,,
1346,,翘烊,永S,118.19136,28.43847,,
1349,,\,新城,115.98756,39.24595,,
1352,,段禧,R河,116.77944,36.70007,,
1353,,Z彝,房山,115.98472,39.71048,,
1356,,祖瑛,四明,121.56,29.86,,
1361,,李桫P,浚x,114.34333,34.78548,,
1363,,中,上元,118.76899,32.05256,,
1365,,胡相,溪,118.58411,30.07777,,
1367,,王履,昌元,105.70798,29.43878,,
1370,,W文,眉山,103.83146,30.0505,,
1379,,胡公,介休,111.91216,37.02647,,
1383,,昌,强h,120.61862,31.31271,,
1384,,nO,南,117,36.65,,
1387,,衍,金A,119.64992,29.10471,,
1388,,廖成大,R江,132.51399,47.65361,,
1389,,潘|明,鄱,116.66383,28.99417,,
1390,,潘宗,濠州,117.64022,32.90163,,
1392,,w文昌,南,117,36.65,,
1393,,杜,保定,116.36626,39.00622,,
1396,,w居仁,清苑,115.50209,38.8557,,
1401,,裴,L安,108.90698,34.24642,,
1405,,wPx,汴梁,114.35,34.79,,
1406,,旅,莆田,119.0111,25.43395,,
1409,,Ⅸ,永S,118.19136,28.43847,,
1410,,奶s,高昌,89.5878,42.7987,,
1411,,白居敬,登封,113.02462,34.45582,,
1412,,郭B德,福安,119.64677,27.08866,,
1414,,唐泳涯,嘉d,120.7532,30.76747,,
1415,,李午,州,116.66383,28.99417,,
1417,,佟,|平,125.52363,42.66988,,
1421,,,金A,119.64992,29.10471,,
1422,,元v,遂昌,119.26347,28.58789,,
1424,,Sw,婺源,117.84459,29.24473,,
1427,,~知本,嘉d,120.7532,30.76747,,
1428,,方大,建昌,115.76182,29.08783,,
1430,,介夫,_化,118.40488,29.14485,,
1432,,程,婺源,117.84459,29.24473,,
1433,,强斯,昆陵,119.95,31.79,,
1438,,R道,|,120.22798,29.26057,,
1439,,王居,太原,112.56483,37.87375,,
1443,,方希愿,昌江,113.70069,28.62296,,
1444,,S祈,宜d,119.81438,31.36364,,
1451,,淳,南,115.19762,36.07747,,
1457,,宇文公,桥d,120.1,30.86,,
1458,,吕思\,平定,113.62227,37.80204,,
1459,,植,永S,118.19136,28.43847,,
1460,,⒆忧,奉化,121.40691,29.65166,,
1462,,李道,高],119.43733,32.79071,,
1468,,孟泌,陵州,104.1521,30.0041,,
1470,,朱文霆,莆田,119.0111,25.43395,,
1472,,李朝瑞,茶陵,113.55217,26.80198,,
1477,,王,婺源,117.84459,29.24473,,
1478,,棣O,水,119.91301,28.44873,,
1479,,梵琦,象山,121.86618,29.47443,,
1480,,宋,大都,116.46,39.92,,
1481,,天a,福,119.9904,26.88346,,
1483,,朱夏,金溪,116.77,27.92,,
1484,,wr,L沙,112.97813,28.1982,,
1486,,何s,河|,110.33231,34.83513,,
1487,,祖,醭,120.09931,30.86496,,
1488,,钜,高陵,109.08048,34.53332,,
1490,,钋成,眉山,103.83146,30.0505,,
1492,,钆dt,昆明,102.71035,25.04591,,
1494,,思敬,襄陵,111.39649,36.02399,,
1495,,李天禄,上h,113.10348,36.18354,,
1496,,w思玄,w州,114.77218,37.75293,,
1498,,wS岳,永嘉,120.65322,28.01829,,
1499,,wS\,任h,114.68074,37.12608,,
1501,,杜世W,c元,119.05132,27.6142,,
1504,,天瑞,清平,116.07657,36.75478,,
1505,,玉相,]陵,114.97128,27.10324,,
1508,,⒄,安,114.3455,36.09834,,
1511,,黄n,嘉d,120.7532,30.76747,,
1514,,胡宗Y,平江,113.57494,28.70981,,
1522,,⒂c,眉山,103.83146,30.0505,,
1524,,王秉彝,汲h,114.07027,35.41038,,
1525,,完璧,南,117,36.65,,
1529,,董幌,磁州,114.37425,36.35904,,
1531,,,奉化,121.40691,29.65166,,
1539,,周自强,新喻,114.93114,27.80408,,
1540,,周f石,G,118.57,30.07,,
1541,,王原,山,120.94823,31.38611,,
1543,,居仁,A亭,121.22764,31.00948,,
1544,,文Y,遂,105.81228,30.19446,,
1545,,李路,上高,114.92675,28.24137,,
1546,,薛基,河|,110.33231,34.83513,,
1547,,郭景星,丹徒,119.44429,32.20649,,
1548,,石可大,汝南,114.21797,32.99333,,
1553,,嗣成,F溪,117.20227,28.2879,,
1555,,wh,浮梁,117.23636,29.38274,,
1558,,李仝,豫章,115.89772,28.6749,,
1559,,W南,R江,132.51399,47.65361,,
1561,,何克明,衡山,112.85242,27.24565,,
1562,,施霖,宣城,118.7425,30.94694,,
1564,,野民,仃P,113.19962,36.1135,,
1566,,^奎,oa,120.29767,31.57461,,
1567,,_辰,衡山,112.85242,27.24565,,
1569,,儒,强,120.61862,31.31271,,
1572,,范孝,忻州,112.7312,38.39856,,
1573,,董真卿,鄱,116.66383,28.99417,,
1576,,熊良o,南昌,115.89772,28.6749,,
1577,,俞,崇德,120.41874,30.53045,,
1578,,黄常,菲,113.6968,37.60836,,
1580,,文琛,d李,120.76,30.77,,
1582,,缈,]陵,114.97128,27.10324,,
1583,,w若惺,歙h,118.43394,29.86577,,
1586,,⑹,北海,119.1065,36.7027,,
1587,,皮元,新淦,115.39381,27.75974,,
1589,,岑良卿,N姚,121.15276,30.04907,,
1590,,挠窳,高昌,89.5878,42.7987,,
1591,,w苗,元城,115.14652,36.27553,,
1593,,,富春,119.95,30.07,,
1594,,,墙,120.63779,31.16706,,
1597,,林O,莆田,119.0111,25.43395,,
1599,,祝,上,117.96489,28.45069,,
1600,,李祥,金川,102.86881,31.40469,,
1601,,周仔肩,R海,121.1206,28.84313,,
1602,,霍希t,|平,125.52363,42.66988,,
1603,,S瑶,菲,113.6968,37.60836,,
1604,,裴世t,清化,106.56029,32.03808,,
1605,,鞠志元,巴陵,113.09766,29.37126,,
1608,,K天爵,真定,114.56364,38.14011,,
1610,,朱德,山,120.94823,31.38611,,
1612,,罹SE,T暨,120.22766,29.71314,,
1615,,x芳,武M,119.9523,31.78278,,
1618,,侨R,浦江,119.88368,29.45871,,
1619,,,,120.54,30.64,,
1620,,周伯琦,鄱,116.66383,28.99417,,
1623,,王_,咸,108.93719,34.31799,,
1624,,王武,豫章,115.89772,28.6749,,
1627,,林仲,德,119.51727,26.66122,,
1629,,李J,平,116.44867,36.28693,,
1633,,友,章丘,117.4854,36.8169,,
1641,,沈德A,松江,121.24,31,,
1642,,戴俞,西安,118.86764,28.95682,,
1646,,元吉,L洲,120.61862,31.31271,,
1649,,建宏,L沙,112.97813,28.1982,,
1651,,霖,泰和,114.89487,26.7921,,
1652,,奎,衡州,112.59704,26.90162,,
1656,,,平,120.55644,27.67572,,
1665,,史oO,鄞h,121.54266,29.86632,,
1666,,康璧,高唐,116.231,36.86162,,
1669,,翁,崇仁,116.06158,27.75564,,
1670,,遣,三山,119.3,26.08,,
1671,,俞焯,太},121.1,31.45,,
1674,,段循,A,110.15102,35.24258,,
1675,,苗善r,金陵,118.78,32.04,,
1677,,范?,强h,120.61862,31.31271,,
1678,,范文英,强h,120.61862,31.31271,,
1679,,皇甫祥,汴梁,114.35,34.79,,
1680,,翟思忠,下邳,117.88688,34.11826,,
1682,,方君,浮梁,117.23636,29.38274,,
1683,,方回O,弋,117.42131,28.40188,,
1685,,王昭德,太和,115.60896,33.16544,,
1686,,理,清江,115.39899,28.01557,,
1688,,董良弼,河内,112.92,35.08,,
1689,,王幼W,望江,116.67433,30.12354,,
1691,,周M,g,113.62144,28.14957,,
1692,,段天v,m,114.81012,34.82652,,
1693,,泰,宣城,118.7425,30.94694,,
1694,,李祁,茶陵,113.55217,26.80198,,
1697,,高若P,吉水,115.13225,27.21437,,
1698,,崔敬,惠州,114.41498,23.08979,,
1699,,wPx,汴梁,114.35,34.79,,
1700,,岑士F,N姚,121.15276,30.04907,,
1701,,蔡文Y,|平,125.52363,42.66988,,
1702,,O,京口,119.44,32.2,,
1704,,杞,山,112.94273,39.44044,,
1705,,uO,茶陵,113.55217,26.80198,,
1706,,_朋,崇仁,116.06158,27.75564,,
1707,,钱,崇仁,116.06158,27.75564,,
1708,,Z,高平,112.91959,35.79206,,
1709,,本,,117.45502,26.72082,,
1710,,李黼,R州,115.81,32.89,,
1711,,nm,大都,116.46,39.92,,
1712,,程徐,鄞h,121.54266,29.86632,,
1715,,林泉生,莆田,119.0111,25.43395,,
1717,,⒃,坻,117.30242,39.7259,,
1718,,李廉,祁T,117.70698,29.85415,,
1719,,李翼,T,118.48344,31.55568,,
1720,,李桓,上元,118.76899,32.05256,,
1721,,黄,婺州,119.64992,29.10471,,
1722,,王道亨,缑,112.77,34.73,,
1724,,朱文,天台,121.02656,29.13826,,
1729,,陶璞,秣陵,118.78,32.04,,
1730,,李晦,仃P,113.19962,36.1135,,
1732,,黄文仲,侯官,119.32158,26.07395,,
1733,,黄方子,莆田,119.0111,25.43395,,
1735,,黄向,c元,119.05132,27.6142,,
1736,,陶T,河南,112.38263,34.66528,,
1738,,李珠,L沙,112.97813,28.1982,,
1739,,侯有造,x,112.5121,37.709,,
1740,,李良,中山,114.56364,38.14011,,
1741,,彭宗,g,113.62144,28.14957,,
1742,,智玉成,大名,115.13826,36.24564,,
1743,,陶惟明,益都,118.4781,36.69748,,
1744,,陶,T暨,120.22766,29.71314,,
1746,,元,]陵,114.97128,27.10324,,
1748,,切哉x,嘉d,120.7532,30.76747,,
1751,,周仁s,R海,121.1206,28.84313,,
1753,,俞J,嘉d,120.7532,30.76747,,
1754,,俞真卿,情T,120.62,31.32,,
1757,,P,都昌,116.18919,29.27256,,
1761,,董,祁州,115.31509,38.41234,,
1764,,^善,新城,115.98756,39.24595,,
1765,,周自强,新喻,114.93114,27.80408,,
1766,,索元岱,大名,115.13826,36.24564,,
1768,,罹吹,R海,121.1206,28.84313,,
1769,,胡一中,T暨,120.22766,29.71314,,
1770,,董rV,德d,117.58012,28.95341,,
1772,,李d祖,南昌h,115.89,28.68,,
1773,,勉,鄱,116.66383,28.99417,,
1774,,R承天,源,112.58267,35.09244,,
1780,,S元L,定襄,112.94377,38.49269,,
1781,,康瑞,泉,119.12091,28.08256,,
1784,,T元,遂,105.81228,30.19446,,
1785,,班惟志,汴梁,114.35,34.79,,
1786,,史文彬,丹,119.56986,31.9958,,
1787,,源,湘l,112.51875,27.73725,,
1788,,曾翰,永S,118.19136,28.43847,,
1789,,曾策,茶陵,113.55217,26.80198,,
1794,,焦s祖,L山,117.86491,36.88238,,
1799,,u楫,永S,118.19136,28.43847,,
1802,,⑾Ｃ,]陵,114.97128,27.10324,,
1804,,璩次Y,州,116.66383,28.99417,,
1807,,大,渤海,118.1031,37.4769,,
1808,,玉,歙h,118.43394,29.86577,,
1809,,史伯v,平,120.55644,27.67572,,
1810,,朱升,休,118.17577,29.78119,,
1811,,潜,汴梁,114.35,34.79,,
1812,,正理,新喻,114.93114,27.80408,,
1814,,李c,同,109.71355,26.86149,,
1815,,李文仲,L洲,120.61862,31.31271,,
1821,,曾,永S,118.19136,28.43847,,
1824,,R德,清源,112.509,37.55718,,
1826,,周南,常熟,120.73379,31.64658,,
1828,,李亩,雁T,112.9587,39.0599,,
1829,,李惟馨,潞州,113.10349,36.18354,,
1830,,倪,oa,120.29767,31.57461,,
1835,,r髦,仃P,113.19962,36.1135,,
1838,,薛v,定襄,112.94377,38.49269,,
1840,,戴~,婺源,117.84459,29.24473,,
1841,,x木,武陵,111.6913,29.03481,,
1842,,Z,安C,115.65739,39.01944,,
1843,,姚,浮梁,117.23636,29.38274,,
1844,,沈芑仁,L沙,112.97813,28.1982,,
1845,,汪松,休,118.17577,29.78119,,
1846,,季仁,泉,119.12091,28.08256,,
1847,,沈右,强,120.61862,31.31271,,
1848,,秦瑛,邳州,117.87732,34.11921,,
1849,,姚熙载,衢州,118.86765,28.95682,,
1851,,⒅美,uh,116.96727,35.40276,,
1852,,端Y,嘉d,120.7532,30.76747,,
1857,,蚧,强h,120.61862,31.31271,,
1859,,尹,永新,114.23687,26.94556,,
1865,,R（,u平,117.72535,36.8847,,
1866,,王,唐h,114.96915,38.74149,,
1868,,,泰和,114.89487,26.7921,,
1870,,深,L溪,119.9904,26.88346,,
1873,,林同生,永福,118.9341,25.86762,,
1874,,林以,莆田,119.0111,25.43395,,
1875,,郭思,河中,110.42,34.88,,
1876,,包希,Mt,116.25907,28.36448,,
1877,,白善,芍,112.83916,35.50432,,
1880,,邢以忠,武,115.09958,29.27749,,
1881,,方桂（,高],119.43733,32.79071,,
1883,,胡祖e,野,116.08871,35.39621,,
1887,,王,陵,115.31537,34.44598,,
1888,,王,富春,119.95,30.07,,
1889,,王x,新安,115.92821,38.92518,,
1891,,嵌Y,休,118.17577,29.78119,,
1893,,枪鸢l,句容,119.16274,31.94654,,
1896,,段彝,A,110.15102,35.24258,,
1898,,俞彭年,~陵,117.7875,30.95385,,
1900,,王N,昆明,102.71035,25.04591,,
1901,,仲仁,_封,114.34333,34.78548,,
1903,,豕O良E,大名,115.13826,36.24564,,
1905,,林d祖,_源,119.54493,26.49091,,
1906,,,R河,116.77944,36.70007,,
1907,,黄雷O,d,113.40067,25.96988,,
1908,,李R,蒲,115.31509,38.41234,,
1909,,窃,金溪,116.77,27.92,,
1910,,李好文,|明,115.08884,35.29849,,
1911,,以,古田,118.7849,26.60171,,
1913,,良弼,,118.97754,30.61997,,
1917,,廷俊,鄱,116.66383,28.99417,,
1920,,李翼,涂,118.49,31.55,,
1923,,翁餍,慈G,121.23,30.18,,
1927,,李文焕,S州,107.9624,40.93678,,
1928,,Y易,建,118.10537,27.33988,,
1930,,黄d,慈G,121.23,30.18,,
1933,,柯芝,瑞州,115.37228,28.4256,,
1935,,胡s祖,吉水,115.13225,27.21437,,
1941,,㈤,永新,114.23687,26.94556,,
1942,,大同,上虞,120.97359,29.95265,,
1944,,翥,Q曰,111.5,36.08,,
1945,,X宰,稽,120.57826,30.00452,,
1947,,董投Y,奉化,121.40691,29.65166,,
1948,,~x,金A,119.64992,29.10471,,
1950,,^祖,洛,112.38263,34.66528,,
1951,,孔瀛,衢州,118.86765,28.95682,,
1952,,炳,江夏,114.30666,30.57367,,
1953,,倪士毅,休,118.17577,29.78119,,
1954,,姚I,歙h,118.43394,29.86577,,
1955,,王,a山,120.29,31.59,,
1956,,余I,]州,117.27646,31.86446,,
1957,,王毅,泉,119.12091,28.08256,,
1958,,傅若金,新喻,114.93114,27.80408,,
1959,,,_化,118.40488,29.14485,,
1960,,梁寅,新喻,114.93114,27.80408,,
1962,,宋G,白R,107.9,36,,
1964,,基,R海,121.1206,28.84313,,
1965,,朱右,R海,121.1206,28.84313,,
1967,,潘迪,元城,115.14652,36.27553,,
1971,,缑,河内,112.92,35.08,,
1974,,⒕佐,建安,118.32378,27.03886,,
1975,,恪,巴川,106.21226,29.86247,,
1976,,周文英,常熟,120.73379,31.64658,,
1978,,周o,真定,114.56364,38.14011,,
1979,,钜,X塘,120.16862,30.29412,,
1983,,钌,A,110.08936,34.56831,,
1984,,钪旧,A,104.078,30.65038,,
1985,,⒇珍,]陵,114.97128,27.10324,,
1987,,⑸匈|,曲沃,111.47002,35.64129,,
1989,,~d采,台州,121.1206,28.84313,,
1990,,青翼,丹徒,119.44429,32.20649,,
1991,,~森,X塘,120.16862,30.29412,,
1992,,耶律Y,L,112.58926,31.16983,,
1993,,高明,瑞安,120.63069,27.79051,,
1994,,w,汴梁,114.35,34.79,,
1995,,,安仁,116.90326,28.40443,,
1996,,俞和,X塘,120.16862,30.29412,,
1997,,潘擅,嘉d,120.7532,30.76747,,
1998,,徐德祖,青田,120.28816,28.14388,,
1999,,朱彬,新城,115.98756,39.24595,,
2000,,_t,穰h,112.08096,32.68483,,
2001,,周O,吉水,115.13225,27.21437,,
2002,,胡翰,金A,119.64992,29.10471,,
2004,,俞h,江,120.26609,31.90877,,
2008,,王O,瑞安,120.63069,27.79051,,
2009,,w德,豫章,115.89772,28.6749,,
2012,,wI,襄城,113.47237,33.85369,,
2014,,w存x,秦州,105.71696,34.58547,,
2015,,wm,Bd,120.58,30.01,,
2016,,柯九思,仙居,120.73346,28.85221,,
2018,,方德麟,桐江,119.64,29.8,,
2021,,O,太和,115.60896,33.16544,,
2023,,S有孚,,114.35,35.92,,
2024,,沈赭,w安,120.09931,30.86496,,
2025,,域,大梁,114.35,34.79,,
2027,,王睿,州,112.08096,32.68483,,
2029,,郭敬,源,112.58267,35.09244,,
2032,,李x,武l,112.91627,36.82682,,
2036,,P思x,新,114.7876,38.39504,,
2037,,熊,澧城,111.75,29.65,,
2038,,,永嘉,120.65322,28.01829,,
2039,,t,强,120.61862,31.31271,,
2040,,李郑,R汾,111.51543,36.07804,,
2041,,宋禧,N姚,121.15276,30.04907,,
2042,,惟t,永新,114.23687,26.94556,,
2044,,wr敏,睢州,115.06597,34.4305,,
2049,,程益,章邱,117.46158,36.75417,,
2050,,钭谌,醴陵,113.4941,27.66852,,
2051,,钌,太和,115.60896,33.16544,,
2053,,钯,,117.21024,36.97194,,
2055,,兑,慈利,111.12171,29.42634,,
2056,,孔,平,120.55644,27.67572,,
2059,,王充耘,吉水,115.13225,27.21437,,
2060,,揭K,S城,115.78578,28.19775,,
2061,,汪克,祁T,117.70698,29.85415,,
2063,,R琦,惠安,118.80282,25.02208,,
2064,,汪文Z,常山,118.50266,28.90373,,
2066,,魏元裕,R邛,103.45682,30.41659,,
2067,,秃,次,117.64689,37.29529,,
2083,,徐K,,111.78712,30.83151,,
2086,,胡深,泉,119.12091,28.08256,,
2087,,胡祖V,野,116.08871,35.39621,,
2096,,姚,州,111.15139,34.7918,,
2097,,董Q,鄱,116.66383,28.99417,,
2098,,董守中,莘h,115.66508,36.23671,,
2105,,宗x,洛,112.38263,34.66528,,
2106,,椿,天台,121.02656,29.13826,,
2109,,TNW,西河,111.77903,37.2634,,
2111,,傅行,R江,132.51399,47.65361,,
2112,,傅F全,鄱,116.66383,28.99417,,
2113,,R禄,芍,112.83916,35.50432,,
2116,,李惟彦,R|,117.62292,36.99135,,
2119,,T糙,洛,112.38263,34.66528,,
2121,,引,v城,117.00149,36.65013,,
2124,,葛驼,蠡h,115.5747,38.49006,,
2126,,郭孝基,曹州,115.44413,35.25025,,
2128,,李敬仁,昆明,102.71035,25.04591,,
2131,,~F,,119.92,28.45,,
2132,,_允澄,_田,115.3904,30.79035,,
2140,,洪中,鄱,116.66383,28.99417,,
2141,,王行,金,120.62,31.32,,
2142,,周汝霖,~_,116.46536,34.9368,,
2143,,周e翁,上,117.96489,28.45069,,
2145,,傅定保,莆田,119.0111,25.43395,,
2146,,程栗,新安,115.92821,38.92518,,
2149,,t,鄞h,121.54266,29.86632,,
2150,,瑛,山,120.94823,31.38611,,
2151,,Rx,扶L,107.86849,34.36182,,
2152,,T勉,建德,117.03459,30.12419,,
2153,,⒆,桐城,116.93861,31.05228,,
2154,,羁∶,真定,114.56364,38.14011,,
2155,,郭性存,T暨,120.22766,29.71314,,
2156,,王克x,崞h,112.75152,38.88332,,
2157,,Y宗,鄞h,121.54266,29.86632,,
2159,,朱善,S城,115.78578,28.19775,,
2160,,戴良,浦江,119.88368,29.45871,,
2161,,梁,F州,114.5443,35.66838,,
2162,,堑抡,鄱,116.66383,28.99417,,
2168,,王天祥,平江,113.57494,28.70981,,
2170,,李廷,安福,114.60845,27.38246,,
2171,,Ⅶ肴,南S,116.52993,27.21431,,
2181,,T^,R川,116.35134,27.98478,,
2182,,,钒,118.40031,37.0498,,
2185,,徐持敬,淳安,118.96516,29.61229,,
2186,,汪元相,祁T,117.70698,29.85415,,
2191,,w公,R潼,109.21272,34.36835,,
2192,,江孚,常山,118.50266,28.90373,,
2193,,,建安,118.32378,27.03886,,
2199,,方道,淳安,118.96516,29.61229,,
2200,,余宣,衢h,118.88,28.97,,
2201,,泌,奉化,121.40691,29.65166,,
2204,,温迪罕,w州,122.3695,40.3967,,
2207,,王理,南,107.03519,33.07648,,
2208,,采,崇德,120.41874,30.53045,,
2211,,囊加歹,,117.21024,36.97194,,
2212,,胡（氵或火）,|,120.22798,29.26057,,
2213,,R治,宜d,119.81438,31.36364,,
2214,,R亘,濮,115.07806,35.65017,,
2215,,x升O,南城,116.62745,27.55972,,
2216,,李世安,大都,116.46,39.92,,
2218,,孔思迪,曲阜,116.98606,35.59755,,
2221,,俞俊,上海,121.48676,31.22443,,
2222,,董圭,z水,119.94828,36.78824,,
2223,,董,祁州,115.31509,38.41234,,
2225,,王文,u平,117.72535,36.8847,,
2227,,奎翁,天台,121.02656,29.13826,,
2233,,l元P,城,112.418,35.49059,,
2237,,宋舳,淳安,118.96516,29.61229,,
2241,,薛,光化,111.62382,32.46271,,
2249,,公哥罕O藏班藏卜,,88,28.87,,
2250,,李默,永嘉,120.65322,28.01829,,
2252,,虞志道,x陵,119.9523,31.78278,,
2253,,王益,登封,113.02462,34.45582,,
2254,,敏,耀州,108.97147,34.91327,,
2255,,郭嘉,林州,113.81281,36.0688,,
2256,,郭^祖,涿州,115.96815,39.48722,,
2257,,郭公葵,黄r,121.27,28.64,,
2258,,石仁博,x,120.07162,29.30009,,
2261,,石克明,衡山,112.85242,27.24565,,
2264,,良琦,姑K,120.62,31.32,,
2271,,w,宿州,116.9714,33.64237,,
2273,,呛,}h,119.32158,26.07395,,
2274,,w访,休,118.17577,29.78119,,
2275,,⑿,安成,114.97,27.12,,
2277,,舒h,溪,118.58411,30.07777,,
2278,,舒d,溪,118.58411,30.07777,,
2279,,何克明,衡山,112.85242,27.24565,,
2280,,黄常,R川,116.35134,27.98478,,
2281,,泗孔,衡,112.59704,26.90162,,
2286,,,盱江,116.34,28,,
2290,,w雍,桥d,120.1,30.86,,
2291,,王士c,|平,125.52363,42.66988,,
2294,,王s忠,岳州,113.09766,29.37126,,
2295,,王仲安,甘泉,109.34457,36.27863,,
2297,,峭,x州,113.46706,34.16249,,
2301,,~恒,鄞h,121.54266,29.86632,,
2308,,范R,]陵,114.97128,27.10324,,
2309,,王定,泰安,117.12719,36.189,,
2314,,李惟明,汶川,103.57815,31.47779,,
2316,,汪曙,婺源,117.84459,29.24473,,
2318,,奎,汝南,114.21797,32.99333,,
2319,,,江都,119.43719,32.39127,,
2320,,尚,保定,116.36626,39.00622,,
2322,,屠性,T暨,120.22766,29.71314,,
2324,,朱公w,菲,113.6968,37.60836,,
2325,,黄郯,d,113.40067,25.96988,,
2327,,商企翁,,115.28286,34.99095,,
2328,,舒ch,靖安,115.35664,28.86102,,
2330,,曾,太和,115.60896,33.16544,,
2331,,葛O,合肥,117.27646,31.86446,,
2332,,Z志道,范,115.96815,39.48722,,
2337,,李大亨,坳,113.16871,37.88678,,
2338,,李殖,定襄,112.94377,38.49269,,
2340,,左克明,豫章,115.89772,28.6749,,
2341,,王V,L子,112.87379,36.11993,,
2342,,王,x,120.07162,29.30009,,
2344,,胡行,新喻,114.93114,27.80408,,
2345,,徐中,山,112.94273,39.44044,,
2346,,x一,g,113.62144,28.14957,,
2347,,徐m,安,114.3455,36.09834,,
2348,,徐慧,]陵,114.97128,27.10324,,
2349,,徐^,玉山,118.24018,28.6796,,
2350,,朱濂,x,120.07162,29.30009,,
2352,,黄元,邵武,117.4834,27.33769,,
2353,,李蒙,安新,115.92,38.92,,
2354,,何立,L沙,112.97813,28.1982,,
2355,,友c,保,103.3161,31.511,,
2360,,虞讨,望江,116.67433,30.12354,,
2362,,⒂c,眉山,103.83146,30.0505,,
2364,,w,句容,119.16274,31.94654,,
2365,,盟,甬|,122.11,30.03,,
2366,,K若思,州,116.598,36.39659,,
2368,,w延之,太原,112.56483,37.87375,,
2369,,璧,uh,116.96727,35.40276,,
2373,,醇,|平,125.52363,42.66988,,
2375,,崔佐,文登,122.05669,37.19306,,
2376,,李止,v城,117.00149,36.65013,,
2380,,R熙,安仁,116.90326,28.40443,,
2382,,李桓,杭州,120.16862,30.29412,,
2384,,n祺,婺州,119.64992,29.10471,,
2386,,林仲,德,119.51727,26.66122,,
2387,,舒叔I,海,121.42555,29.28362,,
2388,,李祖仁,]西,104.6356,35.00714,,
2390,,李子F,松江,121.24,31,,
2391,,王宜振,眉山,103.83146,30.0505,,
2392,,王元恭,蠡州,115.5747,38.49006,,
2394,,皮霖,清江,115.39899,28.01557,,
2395,,胡周O,R川,116.35134,27.98478,,
2398,,江光,歙h,118.43394,29.86577,,
2399,,宋B昌,高平,112.91959,35.79206,,
2401,,白景亮,南,112.53547,33.00168,,
2407,,R熊,山,120.94823,31.38611,,
2408,,王n,安平,115.51058,38.23053,,
2410,,孔克J,曲阜,116.98606,35.59755,,
2411,,曹道振,沙h,117.78179,26.39761,,
2412,,王世,河内,112.92,35.08,,
2414,,司M,恩h,116.27579,37.15112,,
2416,,浅,婺源,117.84459,29.24473,,
2419,,俊德,犁邱,116.86,37.2,,
2420,,勤,成都,104.078,30.65038,,
2421,,在,{州,111.21615,35.61641,,
2424,,王烈,平定,113.62227,37.80204,,
2425,,曹裕,强h,120.61862,31.31271,,
2429,,李德昭,新城,115.98756,39.24595,,
2430,,钍亢,襄城,113.47237,33.85369,,
2431,,靳s,曲沃,111.47002,35.64129,,
2433,,才,X塘,120.16862,30.29412,,
2436,,林彬祖,水,119.91301,28.44873,,
2437,,,松,119.48534,28.45075,,
2438,,士,大名,115.13826,36.24564,,
2439,,李a,清S,115.11004,35.90877,,
2441,,王X,嵊h,120.81528,29.58749,,
2443,,周自得,新喻,114.93114,27.80408,,
2446,,朱Y,新城,115.98756,39.24595,,
2449,,唐棣,桥d,120.1,30.86,,
2451,,世昌,X唐,120.19,30.26,,
2452,,林似祖,水,119.91301,28.44873,,
2453,,畋,鄱,116.66383,28.99417,,
2454,,n蜕,L沙,112.97813,28.1982,,
2456,,端,江,120.26609,31.90877,,
2457,,王蒙,桥d,120.1,30.86,,
2458,,丁德O,鄞h,121.54266,29.86632,,
2462,,Xx方,湖州,120.09931,30.86496,,
2463,,周宗元,嵊h,120.81528,29.58749,,
2467,,钨,大名,115.13826,36.24564,,
2469,,,天台,121.02656,29.13826,,
2472,,惟善,忻州,112.7312,38.39856,,
2475,,董立,咸,108.93719,34.31799,,
2476,,允中,`石,111.77622,36.84215,,
2477,,胡默,婺源,117.84459,29.24473,,
2478,,王敬方,洛,112.38263,34.66528,,
2481,,S肯,洪洞,111.68292,36.2594,,
2483,,李俞,汝州,112.83702,34.16176,,
2485,,道,d李,120.76,30.77,,
2487,,羽,￡,115.98568,29.72236,,
2488,,羽,海昌,120.69,30.53,,
2490,,文,桓_,118.05,36.78,,
2491,,_汝成,望江,116.67433,30.12354,,
2493,,周泰,|平,125.52363,42.66988,,
2495,,⒕霸,四明,121.56,29.86,,
2496,,李庭y,潞州,113.10349,36.18354,,
2498,,沈,Ld,119.90138,31.01389,,
2500,,汪仲,婺源,117.84459,29.24473,,
2503,,李,X塘,120.16862,30.29412,,
2504,,郭奎（,巢h,117.86484,31.60174,,
2505,,大和,浦江,119.88368,29.45871,,
2506,,,金G,116.77626,27.91008,,
2507,,黄,休,118.17577,29.78119,,
2508,,跛沟,慈溪,121.23,30.18,,
2509,,,S城,115.78578,28.19775,,
2510,,⒊,泰和,114.89487,26.7921,,
2511,,殷奎,山,120.94823,31.38611,,
2512,,m,鄱,116.66383,28.99417,,
2513,,吕不用,新昌,120.90211,29.49465,,
2514,,曾,R川,116.35134,27.98478,,
2516,,良,天台,121.02656,29.13826,,
2517,,姚桐,桐],119.66494,29.80246,,
2518,,金涓,x,120.07162,29.30009,,
2519,,J,浦江,119.88368,29.45871,,
2524,,潘庭,T,118.48344,31.55568,,
2526,,（,浦江,119.88368,29.45871,,
2527,,泳,浦江,119.88368,29.45871,,
2529,,孟兼,浦江,119.88368,29.45871,,
2530,,唐C,山,112.94273,39.44044,,
2531,,梁z,汝州,112.83702,34.16176,,
2532,,曹秃,,116.59,35.38,,
2535,,方,江,119.44,32.2,,
2538,,姚庸,稷山,110.97883,35.60216,,
2541,,朱模,休,118.17577,29.78119,,
2542,,普_世理,公安,112.22649,30.05753,,
2543,,王t,X唐,120.19,30.26,,
2544,,麟,永嘉,120.65322,28.01829,,
2545,,章溢,泉,119.12091,28.08256,,
2547,,王守愚,河内,112.92,35.08,,
2548,,周_翁,政和,118.85319,27.3721,,
2550,,程Y,行唐,114.54361,38.43607,,
2551,,w友正,浚x,114.34333,34.78548,,
2552,,wJ翁,喜,111.21721,35.35772,,
2554,,廉S方,耀州,108.97147,34.91327,,
2555,,雷,南昌,115.89772,28.6749,,
2556,,唐U,南,112.53547,33.00168,,
2558,,史致中,眉州,103.83146,30.0505,,
2561,,曹立,海虞,120.74,31.64,,
2564,,申嵩,河南,112.38263,34.66528,,
2565,,潘,南,117,36.65,,
2566,,崔存,嵊h,120.81528,29.58749,,
2576,,李本,R川,116.35134,27.98478,,
2577,,明,常,112.38709,26.40726,,
2580,,王泰,瑞,115.38,28.42,,
2583,,吕\,山,120.94823,31.38611,,
2584,,⒁,河g,116.08553,38.4357,,
2588,,世昌,醭,120.09931,30.86496,,
2590,,,沙河,114.35181,36.88463,,
2592,,守大,洪洞,111.68292,36.2594,,
2595,,卓f,c元,119.05132,27.6142,,
2596,,卓高,清源,112.509,37.55718,,
2599,,徐昌,杭州,120.16862,30.29412,,
2601,,黄昭,钒,118.40031,37.0498,,
2602,,⒅,X塘,120.16862,30.29412,,
2603,,佶,R川,116.35134,27.98478,,
2605,,王演,R清,115.70152,36.84621,,
2606,,雷,嘉d,120.7532,30.76747,,
2607,,祖瑛,墙,120.63779,31.16706,,
2609,,w承禧,x,102.58,24.68,,
2613,,李溶,安平,115.51058,38.23053,,
2616,,沈景,嘉d,120.7532,30.76747,,
2618,,兑,慈利,111.12171,29.42634,,
2620,,Y,浦江,119.88368,29.45871,,
2624,,王宗哲,oO,114.96936,38.17673,,
2625,,黎d,R川,116.35134,27.98478,,
2626,,成x,易州,115.49348,39.34904,,
2627,,Z元,L,112.58926,31.16983,,
2632,,英,歙h,118.43394,29.86577,,
2634,,汪斌,婺源,117.84459,29.24473,,
2637,,汪大Y,南昌,115.89772,28.6749,,
2643,,沈文衡,衢州,118.86765,28.95682,,
2644,,O,x,102.58,24.68,,
2647,,程禀直,仃P,113.19962,36.1135,,
2648,,仁,河南,112.38263,34.66528,,
2653,,孔克R,溧,119.486,31.43071,,
2655,,胡夫,德安,115.74503,29.33056,,
2656,,熊_,建,118.10537,27.33988,,
2657,,畲,眉山,103.83146,30.0505,,
2658,,Y,淳安,118.96516,29.61229,,
2659,,R思道,清S,115.11004,35.90877,,
2660,,任惟孝,延安,110.0152,36.47754,,
2661,,行,河|,110.33231,34.83513,,
2664,,宣,江,120.26609,31.90877,,
2665,,xi,上h,113.10348,36.18354,,
2666,,元鼎,天台,121.02656,29.13826,,
2669,,,z州,120.0073,36.30003,,
2670,,姜u,T暨,120.22766,29.71314,,
2674,,舒恭,四明,121.56,29.86,,
2676,,潘纳,黄r,121.27,28.64,,
2677,,⒆耵,登州,112.08096,32.68483,,
2680,,,上海,121.48676,31.22443,,
2681,,KY,慈G,121.23,30.18,,
2682,,董彝,菲,113.6968,37.60836,,
2684,,桫P,高],119.43733,32.79071,,
2686,,隆,K州,120.61862,31.31271,,
2687,,周祖,R海,121.1206,28.84313,,
2688,,高,瑞安,120.63069,27.79051,,
2690,,O著,洛,112.38263,34.66528,,
2693,,程伯,新安,115.92821,38.92518,,
2694,,V,姑K,120.62,31.32,,
2695,,胡隆臣,山,112.94273,39.44044,,
2696,,盛熙明,豫章,115.89772,28.6749,,
2699,,李吉,南,117,36.65,,
2700,,李源溥,富平,109.16157,34.75443,,
2703,,苗秉,潞城,113.22115,36.33509,,
2704,,熊P,蒲圻,113.87461,29.70835,,
2707,,n,沛h,116.92695,34.738,,
2710,,海牙,高昌,89.5878,42.7987,,
2713,,廷宸,平江,113.57494,28.70981,,
2715,,程斗,_化,118.40488,29.14485,,
2718,,王炎,南,117,36.65,,
2720,,甘瑾,鄱,116.66383,28.99417,,
2722,,中,九江,115.97,29.71,,
2723,,王敬,v城,117.00149,36.65013,,
2724,,沈石,桥d,120.1,30.86,,
2725,,毛南翰,Si,121.27,28.64,,
2726,,R,太},121.1,31.45,,
2729,,范祖,金A,119.64992,29.10471,,
2731,,沈明h,桥d,120.1,30.86,,
2733,,高讨,易州,115.49348,39.34904,,
2736,,喻立,清江,115.39899,28.01557,,
2737,,性定,N,120.05844,28.64839,,
2738,,王思明,]陵,114.97128,27.10324,,
2740,,前,望江,116.67433,30.12354,,
2742,,左遵道,介休,111.91216,37.02647,,
2744,,傅德,R川,116.35134,27.98478,,
2745,,辜中,豫章,115.89772,28.6749,,
2746,,w宜浩,山,112.94273,39.44044,,
2747,,叔温,中,113.29639,40.09284,,
2749,,f,|莞,113.74982,23.04662,,
2753,,w浚明,宜州,108.65588,24.49073,,
2756,,董立,咸,108.93719,34.31799,,
2757,,克新,鄱,116.66383,28.99417,,
2760,,d,强h,120.61862,31.31271,,
2761,,昭,邢_,114.49426,37.06636,,
2766,,李F,安,114.3455,36.09834,,
2772,,王士V,L子,112.87379,36.11993,,
2773,,,金溪,116.77,27.92,,
2776,,_恼,豫章,115.89772,28.6749,,
2777,,霖,河南,112.38263,34.66528,,
2778,,黄B,R川,116.35134,27.98478,,
2780,,毛元c,吉水,115.13225,27.21437,,
2781,,⒃,山,112.90194,33.73712,,
2782,,胡e元,深州,115.54887,38.01173,,
2783,,陶P,R海,121.1206,28.84313,,
2786,,S男,河内,112.92,35.08,,
2787,,及r,|,120.22798,29.26057,,
2793,,n宗烈,R汾,111.51543,36.07804,,
2797,,于,益都,118.4781,36.69748,,
2798,,李y,弋,117.42131,28.40188,,
2799,,吕宗,|原,116.3,35.91,,
2804,,傅箕,豫章,115.89772,28.6749,,
2805,,性,金G,116.77626,27.91008,,
2809,,氰b,}h,119.32158,26.07395,,
2810,,窃,R川,116.35134,27.98478,,
2811,,解,永嘉,120.65322,28.01829,,
2812,,x震,丹徒,119.44429,32.20649,,
2816,,w奕,桥d,120.1,30.86,,
2817,,孔克表,平,120.55644,27.67572,,
2823,,潘,白水,109.58706,35.18162,,
2825,,_,永嘉,120.65322,28.01829,,
2829,,段m,浮山,111.84244,35.96744,,
2831,,姜思R,L山,117.86491,36.88238,,
2834,,曹本,大名,115.13826,36.24564,,
2835,,林希元,天台,121.02656,29.13826,,
2836,,R希古,襄陵,111.39649,36.02399,,
2837,,宋B明,u平,117.72535,36.8847,,
2839,,x文禧,南,117,36.65,,
2841,,~懋,鄱,116.66383,28.99417,,
2845,,wC,桥d,120.1,30.86,,
2851,,林志,V陵,114.27605,39.76355,,
2852,,朱孔昭,M州,114.93248,25.847,,
2855,,李克敏,n城,110.43764,35.46594,,
2860,,李J古,人,113.37,38.01,,
2862,,铊T,Mt,116.25907,28.36448,,
2864,,曾,w州,114.77218,37.75293,,
2865,,李P,南,117,36.65,,
2867,,基,泰和,114.89487,26.7921,,
2868,,祖,天台,121.02656,29.13826,,
2869,,王大本,海,121.42555,29.28362,,
2874,,柴登,南和,114.68731,36.99957,,
2876,,w恒,睢,115.64607,34.44766,,
2879,,周原\,石泉,108.25346,33.04337,,
2880,,wP,]陵,114.97128,27.10324,,
2883,,世,滋,116.82253,35.55565,,
2884,,洪,遂安,118.7384,29.48077,,
2887,,介,R川,116.35134,27.98478,,
2888,,黄,T暨,120.22766,29.71314,,
2892,,~V居,嘉禾,112.35869,25.58699,,
2894,,,上,117.96489,28.45069,,
2895,,Z良,宿松,116.1142,30.15121,,
2896,,翟祺,河|,110.33231,34.83513,,
2898,,自恢,豫章,115.89772,28.6749,,
2901,,程儒,徽州,106.08667,33.77755,,
2903,,徐勉之,鄱,116.66383,28.99417,,
2905,,周衡,梁溪,120.29,31.59,,
2909,,高N之,江,120.26609,31.90877,,
2910,,孔I,曲阜,116.98606,35.59755,,
2913,,尹具瞻,滇城,102.73,25.04,,
2914,,S德柔,}官,120.5375,30.40628,,
2915,,f金,强,120.61862,31.31271,,
2917,,白惟中,C,112.418,35.49059,,
2918,,葛元,金G,116.77626,27.91008,,
2919,,郭x,太平,118.12315,30.29855,,
2920,,钭哟,蜀郡,104.078,30.65038,,
2921,,守正,真定,114.56364,38.14011,,
2922,,_儆,]陵,114.97128,27.10324,,
2923,,X,湖州,120.09931,30.86496,,
2926,,景星,N姚,121.15276,30.04907,,
2928,,宋杞,X塘,120.16862,30.29412,,
2930,,_良,L汀,116.34954,25.83338,,
2934,,舜咨,X塘,120.16862,30.29412,,
2935,,熙,天台,121.02656,29.13826,,
2936,,魏志h,宜川,110.16488,36.04517,,
2937,,^保,高昌,89.5878,42.7987,,
2938,,焦允中,芍,112.83916,35.50432,,
2941,,嘉,稽,120.57826,30.00452,,
2943,,翮,下蔡,116.72009,32.70558,,
2947,,章琬,洲,104.7,31.8,,
2948,,j,修武,113.43484,35.2312,,
2950,,f愿,建安,118.32378,27.03886,,
2951,,尚士明,并州,112.53,37.87,,
2952,,鹞┟C,杭州,120.16862,30.29412,,
2953,,潘元明,海陵,119.91124,32.49587,,
2955,,王宥,Bd,120.58,30.01,,
2956,,德永,黄r,121.27,28.64,,
2957,,童梓,m溪,119.47885,29.20445,,
2959,,曹玄,常熟,120.73379,31.64658,,
2960,,蔡深,菲,117.12,28.97,,
2961,,六奇,吉水,115.13225,27.21437,,
2962,,u奕,墙,120.63779,31.16706,,
2966,,王至,N姚,121.15276,30.04907,,
2970,,曹睿,永嘉,120.65322,28.01829,,
2971,,倪尚x,休,118.17577,29.78119,,
2975,,h卿,潞州,113.10349,36.18354,,
2977,,皇甫本,安,114.3455,36.09834,,
2980,,敲,大同,113.29639,40.09284,,
2987,,范洪文,甬上,121.56,29.86,,
2994,,m相山,鄱,116.66383,28.99417,,
2996,,俞皋,婺源,117.84459,29.24473,,
2997,,段承祚,稷山,110.97883,35.60216,,
3001,,w^,河g,116.08553,38.4357,,
3003,,w友士,建安,118.32378,27.03886,,
3006,,w淮t,崞h,112.75152,38.88332,,
3007,,R之美,仃P,113.19962,36.1135,,
3008,,姚珩,河内,112.92,35.08,,
3011,,x,永嘉,120.65322,28.01829,,
3012,,汪景浩,六安,116.49412,31.7546,,
3013,,汪九成,婺源,117.84459,29.24473,,
3014,,汪廷P,浮梁,117.23636,29.38274,,
3015,,v石烈希元,大都,116.46,39.92,,
3018,,察罕帖木,沈丘,115.14233,33.17888,,
3021,,⑺,蒙,117.92838,35.71375,,
3025,,⑼㈤,安城,116.69,39.52,,
3029,,黄瑞,安福,114.60845,27.38246,,
3030,,李,坳,113.16871,37.88678,,
3031,,李],皇,114.37698,37.66266,,
3044,,史君,,113.37,38.01,,
3045,,甘立,留,114.52453,34.6732,,
3047,,丘宗,强h,120.61862,31.31271,,
3049,,左弘道,嘉d,120.7532,30.76747,,
3051,,宋九嘉,Ah,116,36.95,,
3052,,林右,天台,121.02656,29.13826,,
3053,,宋德,山,120.94823,31.38611,,
3056,,康存\,定h,117.67569,32.53025,,
3062,,郭t正,]陵,114.97128,27.10324,,
3067,,杜友_,江,120.26609,31.90877,,
3080,,f,温州,120.65,28.01,,
3087,,S希亮,射洪,105.27602,30.98916,,
3096,,朱w仁,S昌,114.0163,34.16586,,
3113,,徐昭文,上虞,120.97359,29.95265,,
3114,,徐容,信州,117.96489,28.45069,,
3121,,朱同,新安,115.92821,38.92518,,
3123,,李作霖,平,120.55644,27.67572,,
3127,,李丙奎,袁州,114.37588,27.79427,,
3128,,李桂高,番禺,113.25607,23.13462,,
3130,,李絷,大梁,114.35,34.79,,
3134,,T寅e,永新,114.23687,26.94556,,
3140,,江存Y,武昌,114.87991,30.40272,,
3142,,江F,婺源,117.84459,29.24473,,
3144,,柯道冲,金陵,118.78,32.04,,
3155,,楚春,R武,112.53838,25.28151,,
3158,,恬,上虞,120.97359,29.95265,,
3159,,子E,奉化,121.40691,29.65166,,
3161,,肯堂,M城,115.31562,38.94772,,
3171,,沅,剡源,120.89,29.49,,
3184,,曹希周,d,113.40067,25.96988,,
3185,,方rl,青,117.86305,30.63664,,
3186,,莫士安,江,120.26609,31.90877,,
3188,,方惟糙,睦州,119.49886,29.54448,,
3189,,崔s,章邱,117.46158,36.75417,,
3190,,仲永,休,118.17577,29.78119,,
3191,,孔天a,洪洞,111.68292,36.2594,,
3192,,尹道,茶陵,113.55217,26.80198,,
3193,,曹大清,太谷,112.55276,37.42551,,
3196,,孔敬周,曲阜,116.98606,35.59755,,
3204,,王文炳,益都,118.4781,36.69748,,
3205,,周如砥,即墨,120.45041,36.38211,,
3207,,周景昌,安福,114.60845,27.38246,,
3208,,周山堂,_山,114.52224,32.20237,,
3214,,祖信,章邱,117.46158,36.75417,,
3218,,,R沂,118.34095,35.07156,,
3219,,昌,平,120.55644,27.67572,,
3226,,王惠,武B,105.28281,31.89395,,
3227,,王,熊岳,122.37,40.42,,
3243,,w偕,慈溪,121.4442,29.9792,,
3244,,王沂,中,113.29639,40.09284,,
3245,,吕溥,永康,120.02525,28.89727,,
3246,,,歙h,118.43394,29.86577,,
3247,,王冕,T暨,120.22766,29.71314,,
3249,,胡天游,平江,113.57494,28.70981,,
3250,,歉,R川,116.35134,27.98478,,
3251,,~,金A,119.64992,29.10471,,
3252,,甘,N干,116.682,28.69155,,
3253,,⑷时,天台,121.02656,29.13826,,
3254,,铘,上元,118.76899,32.05256,,
3255,,邵亨,淳安,118.96516,29.61229,,
3256,,王Y,]陵,114.97128,27.10324,,
3257,,高,平,120.55644,27.67572,,
3258,,李^本,|安,111.22209,26.332,,
